Date,State,Deaths_White,Deaths_Black,Deaths_LatinX,Deaths_Asian,Deaths_AIAN,Deaths_NHPI,Deaths_Multiracial,"Populations (White, Black, LatinX, Asian, AIAN, NHPI, Multiracial)",,,,,,,,,,,
20200603,AK,5,0,0,2,2,1,0,"160,626,928",,,,,,,,,,,0
20200603,AL,330,286,0,3,0,0,0,"31,140,331",,,,,,,,,,,0
20200603,AR,80,46,0,1,0,3,0,"41,884,672",,,,,,,,,,,0
20200603,AS,0,0,0,0,0,0,0,"15,221,807",,,,,,,,,,,0
20200603,AZ,465,29,159,12,183,0,0,"1,818,958",,,,,,,,,,,0
20200603,CA,1395,414,1631,613,14,31,26,"448,851",,,,,,,,,,,0
20200603,CO,935,102,292,53,8,5,10,"4,058,826",,,,,,,,,,,0
20200603,CT,2908,592,339,41,0,0,0,0,,,,,,,,,,,0
20200603,DC,52,356,54,7,0,0,0,0,,,,,,,,,,,0
20200603,DE,226,99,24,1,0,0,0,0,,,,,,,,,,,0
20200603,FL,1290,534,578,0,0,0,0,0,,,,,,,,,,,0
20200603,GA,948,1033,88,31,3,4,0,0,,,,,,,,,,,0
20200603,GU,0,0,0,0,0,0,0,0,,,,,,,,,,,0
20200603,HI,0,0,0,0,0,0,0,0,,,,,,,,,,,0
20200603,IA,453,28,0,28,0,0,0,0,,,,,,,,,,,0
20200603,ID,80,1,0,2,0,0,0,0,,,,,,,,,,,0
20200603,IL,2441,1646,1094,266,8,5,0,0,,,,,,,,,,,0
20200603,IN,1324,314,0,8,0,0,0,0,,,,,,,,,,,0
20200603,KS,148,61,0,5,1,0,0,0,,,,,,,,,,,0
20200603,KY,321,69,0,7,0,0,8,0,,,,,,,,,,,0
20200603,LA,1217,1510,0,21,1,2,0,0,,,,,,,,,,,0
20200603,MA,2989,350,464,128,0,0,0,0,,,,,,,,,,,0
20200603,MD,1118,1085,245,104,0,0,0,0,,,,,,,,,,,0
20200603,ME,0,0,0,0,0,0,0,0,,,,,,,,,,,0
20200603,MI,2840,2228,0,55,27,0,111,0,,,,,,,,,,,0
20200603,MN,665,66,0,30,13,1,6,0,,,,,,,,,,,0
20200603,MO,452,276,0,0,0,0,6,0,,,,,,,,,,,0
20200603,MP,0,0,0,0,0,0,0,0,,,,,,,,,,,0
20200603,MS,333,401,10,0,33,0,0,0,,,,,,,,,,,0
20200603,MT,0,0,0,0,0,0,0,0,,,,,,,,,,,0
20200603,NC,523,303,0,12,6,3,0,0,,,,,,,,,,,0
20200603,ND,0,0,0,0,0,0,0,0,,,,,,,,,,,0
20200603,NE,0,0,0,0,0,0,0,0,,,,,,,,,,,0
20200603,NH,147,4,8,2,0,0,0,0,,,,,,,,,,,0
20200603,NJ,6092,2114,2229,617,0,0,0,0,,,,,,,,,,,0
20200603,NM,0,0,0,0,0,0,0,0,,,,,,,,,,,0
20200603,NV,198,52,66,63,3,0,0,0,,,,,,,,,,,0
20200603,NY,7814,5750,6015,1573,0,0,0,0,,,,,,,,,,,0
20200603,OH,1807,392,0,20,0,0,26,0,,,,,,,,,,,0
20200603,OK,264,27,0,2,23,0,0,0,,,,,,,,,,,0
20200603,OR,114,6,0,7,3,1,2,0,,,,,,,,,,,0
20200603,PA,3958,1116,0,133,0,0,0,0,,,,,,,,,,,0
20200603,PR,0,0,0,0,0,0,0,0,,,,,,,,,,,0
20200603,RI,507,37,69,0,0,0,0,0,,,,,,,,,,,0
20200603,SC,244,204,0,4,0,0,0,0,,,,,,,,,,,0
20200603,SD,0,0,0,0,0,0,0,0,,,,,,,,,,,0
20200603,TN,214,131,0,7,0,0,0,0,,,,,,,,,,,0
20200603,TX,183,67,123,6,0,0,0,0,,,,,,,,,,,0
20200603,UT,0,0,0,0,0,0,0,0,,,,,,,,,,,0
20200603,VA,787,286,0,0,0,0,0,0,,,,,,,,,,,0
20200603,VI,0,0,0,0,0,0,0,0,,,,,,,,,,,0
20200603,VT,52,0,0,2,0,0,0,0,,,,,,,,,,,0
20200603,WA,754,33,112,101,11,9,15,0,,,,,,,,,,,0
20200603,WI,418,153,0,17,9,0,0,0,,,,,,,,,,,0
20200603,WV,58,3,0,0,0,0,0,0,,,,,,,,,,,0
20200603,WY,0,0,0,0,0,0,0,0,,,,,,,,,,,0
20200607,AK,5,0,0,2,2,1,0,0,,,,,,,,,,,0
20200607,AL,344,304,0,5,0,0,0,0,,,,,,,,,,,0
20200607,AR,89,48,0,1,0,5,0,0,,,,,,,,,,,0
20200607,AS,0,0,0,0,0,0,0,0,,,,,,,,,,,0
20200607,AZ,494,30,180,13,193,0,0,0,,,,,,,,,,,0
20200607,CA,1475,439,1747,661,13,21,29,0,,,,,,,,,,,0
20200607,CO,947,105,306,56,7,5,9,0,,,,,,,,,,,0
20200607,CT,2966,611,344,44,0,0,0,0,,,,,,,,,,,0
20200607,DC,53,365,59,7,0,0,0,0,,,,,,,,,,,0
20200607,DE,242,105,25,1,0,0,0,0,,,,,,,,,,,0
20200607,FL,1350,558,620,0,0,0,0,0,,,,,,,,,,,0
20200607,GA,973,1054,93,32,3,5,0,0,,,,,,,,,,,0
20200607,GU,0,0,0,0,0,0,0,0,,,,,,,,,,,0
20200607,HI,0,0,0,0,0,0,0,0,,,,,,,,,,,0
20200607,IA,471,30,0,30,0,0,0,0,,,,,,,,,,,0
20200607,ID,80,1,0,2,0,0,0,0,,,,,,,,,,,0
20200607,IL,2573,1704,1168,279,9,5,0,0,,,,,,,,,,,0
20200607,IN,1375,326,0,9,0,0,0,0,,,,,,,,,,,0
20200607,KS,158,60,0,5,1,0,0,0,,,,,,,,,,,0
20200607,KY,357,74,0,8,0,0,9,0,,,,,,,,,,,0
20200607,LA,1217,1510,0,21,1,2,0,0,,,,,,,,,,,0
20200607,MA,5369,607,490,190,0,0,0,0,,,,,,,,,,,0
20200607,MD,1173,1143,262,107,0,0,0,0,,,,,,,,,,,0
20200607,ME,85,1,0,0,0,0,0,0,,,,,,,,,,,0
20200607,MI,3027,2345,0,76,19,0,96,0,,,,,,,,,,,0
20200607,MN,715,76,0,35,13,1,6,0,,,,,,,,,,,0
20200607,MO,466,287,0,0,0,0,7,0,,,,,,,,,,,0
20200607,MP,0,0,0,0,0,0,0,0,,,,,,,,,,,0
20200607,MS,345,420,13,0,34,0,0,0,,,,,,,,,,,0
20200607,MT,0,0,0,0,0,0,0,0,,,,,,,,,,,0
20200607,NC,585,327,0,13,6,3,0,0,,,,,,,,,,,0
20200607,ND,0,0,0,0,0,0,0,0,,,,,,,,,,,0
20200607,NE,0,0,0,0,0,0,0,0,,,,,,,,,,,0
20200607,NH,164,6,8,2,0,0,0,0,,,,,,,,,,,0
20200607,NJ,6449,2218,2445,683,0,0,0,0,,,,,,,,,,,0
20200607,NM,0,0,0,0,0,0,0,0,,,,,,,,,,,0
20200607,NV,204,55,69,66,3,0,0,0,,,,,,,,,,,0
20200607,NY,7900,5788,6143,1563,0,0,0,0,,,,,,,,,,,0
20200607,OH,1850,418,0,21,0,0,33,0,,,,,,,,,,,0
20200607,OK,269,27,0,2,24,0,0,0,,,,,,,,,,,0
20200607,OR,122,6,0,7,3,2,2,0,,,,,,,,,,,0
20200607,PA,4245,1216,0,142,0,0,0,0,,,,,,,,,,,0
20200607,PR,0,0,0,0,0,0,0,0,,,,,,,,,,,0
20200607,RI,507,37,69,0,0,0,0,0,,,,,,,,,,,0
20200607,SC,256,224,0,5,0,0,0,0,,,,,,,,,,,0
20200607,SD,0,0,0,0,0,0,0,0,,,,,,,,,,,0
20200607,TN,231,142,0,8,0,0,0,0,,,,,,,,,,,0
20200607,TX,269,85,171,13,0,0,0,0,,,,,,,,,,,0
20200607,UT,0,0,0,0,0,0,0,0,,,,,,,,,,,0
20200607,VA,820,300,0,0,0,0,0,0,,,,,,,,,,,0
20200607,VI,0,0,0,0,0,0,0,0,,,,,,,,,,,0
20200607,VT,52,0,0,2,0,0,0,0,,,,,,,,,,,0
20200607,WA,778,35,119,105,12,10,15,0,,,,,,,,,,,0
20200607,WI,441,161,0,17,9,0,0,0,,,,,,,,,,,0
20200607,WV,58,3,0,0,0,0,0,0,,,,,,,,,,,0
20200607,WY,8,0,1,0,8,0,0,0,,,,,,,,,,,0
20200610,AK,6,0,0,2,2,1,0,0,,,,,,,,,,,0
20200610,AL,360,333,0,5,0,0,0,0,,,,,,,,,,,0
20200610,AR,96,51,0,1,0,6,0,0,,,,,,,,,,,0
20200610,AS,0,0,0,0,0,0,0,0,,,,,,,,,,,0
20200610,AZ,515,33,195,15,194,0,0,0,,,,,,,,,,,0
20200610,CA,1524,451,1837,684,13,21,31,0,,,,,,,,,,,0
20200610,CO,979,106,324,55,8,5,11,0,,,,,,,,,,,0
20200610,CT,3002,619,349,45,0,0,0,0,,,,,,,,,,,0
20200610,DC,54,371,62,7,0,0,0,0,,,,,,,,,,,0
20200610,DE,251,109,27,1,0,0,0,0,,,,,,,,,,,0
20200610,FL,1393,576,650,0,0,0,0,0,,,,,,,,,,,0
20200610,GA,1023,1117,106,35,3,6,0,0,,,,,,,,,,,0
20200610,GU,0,0,0,0,0,0,0,0,,,,,,,,,,,0
20200610,HI,0,0,0,0,0,0,0,0,,,,,,,,,,,0
20200610,IA,498,31,0,31,0,0,0,0,,,,,,,,,,,0
20200610,ID,82,0,0,0,0,0,0,0,,,,,,,,,,,0
20200610,IL,2676,1746,1204,285,9,5,0,0,,,,,,,,,,,0
20200610,IN,1403,329,0,9,0,0,0,0,,,,,,,,,,,0
20200610,KS,162,60,0,7,2,0,0,0,,,,,,,,,,,0
20200610,KY,365,78,0,8,0,0,9,0,,,,,,,,,,,0
20200610,LA,1293,1566,0,22,2,2,0,0,,,,,,,,,,,0
20200610,MA,5463,618,499,193,0,0,0,0,,,,,,,,,,,0
20200610,MD,1219,1165,276,109,0,0,0,0,,,,,,,,,,,0
20200610,ME,87,1,0,0,0,0,0,0,,,,,,,,,,,0
20200610,MI,3059,2369,0,77,19,0,96,0,,,,,,,,,,,0
20200610,MN,753,78,0,37,14,1,7,0,,,,,,,,,,,0
20200610,MO,494,296,0,0,0,0,7,0,,,,,,,,,,,0
20200610,MP,0,0,0,0,0,0,0,0,,,,,,,,,,,0
20200610,MS,363,444,13,0,41,0,0,0,,,,,,,,,,,0
20200610,MT,0,0,0,0,0,0,0,0,,,,,,,,,,,0
20200610,NC,613,343,0,15,6,3,0,0,,,,,,,,,,,0
20200610,ND,0,0,0,0,0,0,0,0,,,,,,,,,,,0
20200610,NE,0,0,0,0,0,0,0,0,,,,,,,,,,,0
20200610,NH,189,6,8,2,0,0,0,0,,,,,,,,,,,0
20200610,NJ,6545,2251,2482,693,0,0,0,0,,,,,,,,,,,0
20200610,NM,0,0,0,0,0,0,0,0,,,,,,,,,,,0
20200610,NV,206,57,71,65,3,0,0,0,,,,,,,,,,,0
20200610,NY,7965,5833,6187,1573,0,0,0,0,,,,,,,,,,,0
20200610,OH,1929,446,0,24,0,0,29,0,,,,,,,,,,,0
20200610,OK,275,27,0,3,24,0,0,0,,,,,,,,,,,0
20200610,OR,127,6,0,7,3,2,2,0,,,,,,,,,,,0
20200610,PA,4245,1216,0,142,0,0,0,0,,,,,,,,,,,0
20200610,PR,0,0,0,0,0,0,0,0,,,,,,,,,,,0
20200610,RI,561,40,69,0,0,0,0,0,,,,,,,,,,,0
20200610,SC,265,243,0,5,0,0,0,0,,,,,,,,,,,0
20200610,SD,0,0,0,0,0,0,0,0,,,,,,,,,,,0
20200610,TN,245,147,0,9,0,0,0,0,,,,,,,,,,,0
20200610,TX,269,85,171,13,0,0,0,0,,,,,,,,,,,0
20200610,UT,0,0,0,0,0,0,0,0,,,,,,,,,,,0
20200610,VA,865,318,0,0,0,0,0,0,,,,,,,,,,,0
20200610,VI,0,0,0,0,0,0,0,0,,,,,,,,,,,0
20200610,VT,52,0,0,2,0,0,0,0,,,,,,,,,,,0
20200610,WA,783,35,123,105,13,10,16,0,,,,,,,,,,,0
20200610,WI,458,166,0,18,9,0,0,0,,,,,,,,,,,0
20200610,WV,58,3,0,0,0,0,0,0,,,,,,,,,,,0
20200610,WY,7,0,1,0,9,0,0,0,,,,,,,,,,,0
20200614,AK,7,0,0,2,2,1,0,0,,,,,,,,,,,0
20200614,AL,375,350,0,5,0,0,0,0,,,,,,,,,,,0
20200614,AR,102,54,0,1,0,9,0,0,,,,,,,,,,,0
20200614,AS,0,0,0,0,0,0,0,0,,,,,,,,,,,0
20200614,AZ,533,34,232,15,210,0,0,0,,,,,,,,,,,0
20200614,CA,1632,470,1985,722,14,23,35,0,,,,,,,,,,,0
20200614,CO,1001,106,334,55,8,6,14,0,,,,,,,,,,,0
20200614,CT,3070,625,355,45,0,0,0,0,,,,,,,,,,,0
20200614,DC,55,382,66,7,0,0,0,0,,,,,,,,,,,0
20200614,DE,257,112,27,1,0,0,0,0,,,,,,,,,,,0
20200614,FL,1446,603,706,0,0,0,0,0,,,,,,,,,,,0
20200614,GA,1076,1170,116,38,3,5,0,0,,,,,,,,,,,0
20200614,GU,0,0,0,0,0,0,0,0,,,,,,,,,,,0
20200614,HI,0,0,0,0,0,0,0,0,,,,,,,,,,,0
20200614,IA,515,32,0,32,0,0,0,0,,,,,,,,,,,0
20200614,ID,83,1,0,2,0,0,0,0,,,,,,,,,,,0
20200614,IL,2770,1793,1257,298,9,5,0,0,,,,,,,,,,,0
20200614,IN,1435,339,0,10,0,0,0,0,,,,,,,,,,,0
20200614,KS,165,60,0,7,2,0,0,0,,,,,,,,,,,0
20200614,KY,374,80,0,8,0,0,8,0,,,,,,,,,,,0
20200614,LA,1293,1566,0,22,2,2,0,0,,,,,,,,,,,0
20200614,MA,5596,632,526,198,0,0,0,0,,,,,,,,,,,0
20200614,MD,1260,1200,302,113,0,0,0,0,,,,,,,,,,,0
20200614,ME,87,1,0,0,0,0,0,0,,,,,,,,,,,0
20200614,MI,3096,2395,0,77,19,0,97,0,,,,,,,,,,,0
20200614,MN,903,90,0,41,16,1,7,0,,,,,,,,,,,0
20200614,MO,510,308,0,0,0,0,7,0,,,,,,,,,,,0
20200614,MP,0,0,0,0,0,0,0,0,,,,,,,,,,,0
20200614,MS,372,454,15,0,43,0,0,0,,,,,,,,,,,0
20200614,MT,0,0,0,0,0,0,0,0,,,,,,,,,,,0
20200614,NC,637,365,0,16,8,3,0,0,,,,,,,,,,,0
20200614,ND,0,0,0,0,0,0,0,0,,,,,,,,,,,0
20200614,NE,114,10,0,9,1,0,0,0,,,,,,,,,,,0
20200614,NH,234,6,9,3,0,0,0,0,,,,,,,,,,,0
20200614,NJ,6792,2336,2563,720,0,0,0,0,,,,,,,,,,,0
20200614,NM,98,4,59,1,236,0,0,0,,,,,,,,,,,0
20200614,NV,217,58,72,65,3,0,0,0,,,,,,,,,,,0
20200614,NY,8040,5896,6227,1585,0,0,0,0,,,,,,,,,,,0
20200614,OH,2001,463,0,25,0,0,32,0,,,,,,,,,,,0
20200614,OK,275,28,0,3,25,0,0,0,,,,,,,,,,,0
20200614,OR,129,6,0,7,3,3,2,0,,,,,,,,,,,0
20200614,PA,4419,1296,0,144,0,0,0,0,,,,,,,,,,,0
20200614,PR,0,0,0,0,0,0,0,0,,,,,,,,,,,0
20200614,RI,561,40,69,0,0,0,0,0,,,,,,,,,,,0
20200614,SC,261,272,0,5,0,0,0,0,,,,,,,,,,,0
20200614,SD,0,0,0,0,0,0,0,0,,,,,,,,,,,0
20200614,TN,266,162,0,10,0,0,0,0,,,,,,,,,,,0
20200614,TX,269,85,171,13,0,0,0,0,,,,,,,,,,,0
20200614,UT,82,5,35,7,6,8,0,0,,,,,,,,,,,0
20200614,VA,932,333,0,0,0,0,0,0,,,,,,,,,,,0
20200614,VI,0,0,0,0,0,0,0,0,,,,,,,,,,,0
20200614,VT,52,0,0,2,0,0,0,0,,,,,,,,,,,0
20200614,WA,822,38,135,106,15,12,16,0,,,,,,,,,,,0
20200614,WI,476,169,0,19,9,0,0,0,,,,,,,,,,,0
20200614,WV,58,3,0,0,0,0,0,0,,,,,,,,,,,0
20200614,WY,7,0,1,0,9,0,0,0,,,,,,,,,,,0
20200617,AK,7,0,0,2,2,1,0,0,,,,,,,,,,,0
20200617,AL,380,359,0,5,0,0,0,0,,,,,,,,,,,0
20200617,AR,110,61,0,1,0,10,0,0,,,,,,,,,,,0
20200617,AS,0,0,0,0,0,0,0,0,,,,,,,,,,,0
20200617,AZ,544,37,244,15,219,0,0,0,,,,,,,,,,,0
20200617,CA,1660,479,2029,734,14,23,36,0,,,,,,,,,,,0
20200617,CO,1019,108,343,55,8,6,14,0,,,,,,,,,,,0
20200617,CT,3080,627,357,45,0,0,0,0,,,,,,,,,,,0
20200617,DC,56,388,67,7,0,0,0,0,,,,,,,,,,,0
20200617,DE,259,114,27,1,0,0,0,0,,,,,,,,,,,0
20200617,FL,1471,627,738,0,0,0,0,0,,,,,,,,,,,0
20200617,GA,1150,1230,122,39,3,5,0,0,,,,,,,,,,,0
20200617,GU,0,0,0,0,0,0,0,0,,,,,,,,,,,0
20200617,HI,0,0,0,0,0,0,0,0,,,,,,,,,,,0
20200617,IA,533,33,0,20,6,13,0,0,,,,,,,,,,,0
20200617,ID,84,1,0,2,0,0,0,0,,,,,,,,,,,0
20200617,IL,2856,1832,1301,306,9,5,0,0,,,,,,,,,,,0
20200617,IN,1469,345,0,11,0,0,0,0,,,,,,,,,,,0
20200617,KS,172,60,0,8,2,0,0,0,,,,,,,,,,,0
20200617,KY,385,82,0,8,0,0,9,0,,,,,,,,,,,0
20200617,LA,1365,1618,0,23,3,2,0,0,,,,,,,,,,,0
20200617,MA,5684,634,525,208,0,0,0,0,,,,,,,,,,,0
20200617,MD,1281,1221,311,116,0,0,0,0,,,,,,,,,,,0
20200617,ME,89,1,0,0,0,0,0,0,,,,,,,,,,,0
20200617,MI,3110,2404,0,79,19,0,96,0,,,,,,,,,,,0
20200617,MN,936,95,0,41,17,1,7,0,,,,,,,,,,,0
20200617,MO,528,319,0,0,0,0,8,0,,,,,,,,,,,0
20200617,MP,0,0,0,0,0,0,0,0,,,,,,,,,,,0
20200617,MS,388,476,15,0,51,0,0,0,,,,,,,,,,,0
20200617,MT,13,0,0,0,4,0,0,0,,,,,,,,,,,0
20200617,NC,670,377,0,18,9,3,0,0,,,,,,,,,,,0
20200617,ND,0,0,0,0,0,0,0,0,,,,,,,,,,,0
20200617,NE,114,10,0,9,1,0,0,0,,,,,,,,,,,0
20200617,NH,244,6,9,3,0,0,0,0,,,,,,,,,,,0
20200617,NJ,6882,2362,2592,715,0,0,0,0,,,,,,,,,,,0
20200617,NM,98,4,59,1,236,0,0,0,,,,,,,,,,,0
20200617,NV,220,58,73,66,3,0,0,0,,,,,,,,,,,0
20200617,NY,8078,5925,6269,1595,0,0,0,0,,,,,,,,,,,0
20200617,OH,2040,472,0,27,0,0,34,0,,,,,,,,,,,0
20200617,OK,279,28,0,4,25,0,0,0,,,,,,,,,,,0
20200617,OR,135,6,0,8,3,3,2,0,,,,,,,,,,,0
20200617,PA,4419,1296,0,144,0,0,0,0,,,,,,,,,,,0
20200617,PR,0,0,0,0,0,0,0,0,,,,,,,,,,,0
20200617,RI,583,44,72,0,0,0,0,0,,,,,,,,,,,0
20200617,SC,267,273,0,5,0,0,0,0,,,,,,,,,,,0
20200617,SD,0,0,0,0,0,0,0,0,,,,,,,,,,,0
20200617,TN,282,166,0,10,0,0,0,0,,,,,,,,,,,0
20200617,TX,269,85,171,13,0,0,0,0,,,,,,,,,,,0
20200617,UT,83,5,37,7,7,8,0,0,,,,,,,,,,,0
20200617,VA,858,342,159,91,1,0,0,0,,,,,,,,,,,0
20200617,VI,0,0,0,0,0,0,0,0,,,,,,,,,,,0
20200617,VT,52,0,0,2,0,0,0,0,,,,,,,,,,,0
20200617,WA,833,37,132,106,16,12,15,0,,,,,,,,,,,0
20200617,WI,489,173,0,20,9,0,0,0,,,,,,,,,,,0
20200617,WV,58,3,0,0,0,0,0,0,,,,,,,,,,,0
20200617,WY,7,0,1,0,9,0,0,0,,,,,,,,,,,0
20200621,AK,7,0,0,2,2,1,0,0,,,,,,,,,,,0
20200621,AL,380,359,0,5,0,0,0,0,,,,,,,,,,,0
20200621,AR,124,65,0,1,0,13,0,0,,,,,,,,,,,0
20200621,AS,0,0,0,0,0,0,0,0,,,,,,,,,,,0
20200621,AZ,622,43,273,16,241,0,0,0,,,,,,,,,,,0
20200621,CA,1779,501,2170,774,15,22,37,0,,,,,,,,,,,0
20200621,CO,1033,109,346,56,9,5,13,0,,,,,,,,,,,0
20200621,CT,3110,635,365,45,0,0,0,0,,,,,,,,,,,0
20200621,DC,57,395,68,8,0,0,0,0,,,,,,,,,,,0
20200621,DE,264,117,28,1,0,0,0,0,,,,,,,,,,,0
20200621,FL,1542,659,776,0,0,0,0,0,,,,,,,,,,,0
20200621,GA,1188,1263,127,44,3,5,0,0,,,,,,,,,,,0
20200621,GU,0,0,0,0,0,0,0,0,,,,,,,,,,,0
20200621,HI,0,0,0,0,0,0,0,0,,,,,,,,,,,0
20200621,IA,545,34,0,22,5,12,0,0,,,,,,,,,,,0
20200621,ID,84,1,0,2,1,0,0,0,,,,,,,,,,,0
20200621,IL,2943,1869,1353,318,9,6,0,0,,,,,,,,,,,0
20200621,IN,1502,351,0,12,0,0,0,0,,,,,,,,,,,0
20200621,KS,176,60,0,9,2,0,0,0,,,,,,,,,,,0
20200621,KY,394,81,0,7,0,0,9,0,,,,,,,,,,,0
20200621,LA,1354,1606,0,22,3,2,0,0,,,,,,,,,,,0
20200621,MA,5791,644,542,204,0,0,0,0,,,,,,,,,,,0
20200621,MD,1322,1242,323,116,0,0,0,0,,,,,,,,,,,0
20200621,ME,89,1,0,0,0,0,0,0,,,,,,,,,,,0
20200621,MI,3147,2419,0,79,19,0,97,0,,,,,,,,,,,0
20200621,MN,992,101,0,44,21,1,7,0,,,,,,,,,,,0
20200621,MO,555,339,0,0,0,0,8,0,,,,,,,,,,,0
20200621,MP,0,0,0,0,0,0,0,0,,,,,,,,,,,0
20200621,MS,388,476,15,0,51,0,0,0,,,,,,,,,,,0
20200621,MT,13,0,0,0,5,0,0,0,,,,,,,,,,,0
20200621,NC,690,397,0,18,10,3,0,0,,,,,,,,,,,0
20200621,ND,0,0,0,0,0,0,0,0,,,,,,,,,,,0
20200621,NE,114,10,0,9,1,0,0,0,,,,,,,,,,,0
20200621,NH,254,6,10,3,0,0,0,0,,,,,,,,,,,0
20200621,NJ,6796,2315,2561,707,0,0,0,0,,,,,,,,,,,0
20200621,NM,98,4,59,1,236,0,0,0,,,,,,,,,,,0
20200621,NV,223,58,76,67,3,0,0,0,,,,,,,,,,,0
20200621,NY,8141,5958,6300,1605,0,0,0,0,,,,,,,,,,,0
20200621,OH,2115,496,0,28,0,0,32,0,,,,,,,,,,,0
20200621,OK,282,28,0,5,25,0,0,0,,,,,,,,,,,0
20200621,OR,138,6,0,8,3,3,2,0,,,,,,,,,,,0
20200621,PA,4566,1368,0,146,0,0,0,0,,,,,,,,,,,0
20200621,PR,0,0,0,0,0,0,0,0,,,,,,,,,,,0
20200621,RI,583,44,72,0,0,0,0,0,,,,,,,,,,,0
20200621,SC,281,287,0,6,0,0,0,0,,,,,,,,,,,0
20200621,SD,0,0,0,0,0,0,0,0,,,,,,,,,,,0
20200621,TN,296,170,0,11,0,0,0,0,,,,,,,,,,,0
20200621,TX,269,85,171,13,0,0,0,0,,,,,,,,,,,0
20200621,UT,87,5,38,7,8,9,0,0,,,,,,,,,,,0
20200621,VA,878,347,171,91,1,0,0,0,,,,,,,,,,,0
20200621,VI,0,0,0,0,0,0,0,0,,,,,,,,,,,0
20200621,VT,53,0,0,2,0,0,0,0,,,,,,,,,,,0
20200621,WA,846,40,145,106,16,12,15,0,,,,,,,,,,,0
20200621,WI,512,179,0,22,10,0,0,0,,,,,,,,,,,0
20200621,WV,58,3,0,0,0,0,0,0,,,,,,,,,,,0
20200621,WY,9,0,1,0,9,0,0,0,,,,,,,,,,,0
20200624,AK,7,0,0,2,2,1,0,0,,,,,,,,,,,0
20200624,AL,430,404,0,5,0,0,0,0,,,,,,,,,,,0
20200624,AR,130,66,0,1,0,17,0,0,,,,,,,,,,,0
20200624,AS,0,0,0,0,0,0,0,0,,,,,,,,,,,0
20200624,AZ,654,45,305,17,268,0,0,0,,,,,,,,,,,0
20200624,CA,1783,511,2225,785,18,22,37,0,,,,,,,,,,,0
20200624,CO,1043,108,353,57,8,6,21,0,,,,,,,,,,,0
20200624,CT,3130,639,368,45,0,0,0,0,,,,,,,,,,,0
20200624,DC,58,401,69,8,0,0,0,0,,,,,,,,,,,0
20200624,DE,318,128,31,1,0,0,0,0,,,,,,,,,,,0
20200624,FL,1585,682,817,0,0,0,0,0,,,,,,,,,,,0
20200624,GA,1212,1282,130,44,3,5,0,0,,,,,,,,,,,0
20200624,GU,0,0,0,0,0,0,0,0,,,,,,,,,,,0
20200624,HI,0,0,0,0,0,0,0,0,,,,,,,,,,,0
20200624,IA,551,34,0,22,5,12,0,0,,,,,,,,,,,0
20200624,ID,84,1,0,2,1,0,0,0,,,,,,,,,,,0
20200624,IL,3004,1892,1383,322,9,6,0,0,,,,,,,,,,,0
20200624,IN,1541,353,0,12,0,0,0,0,,,,,,,,,,,0
20200624,KS,182,60,0,9,2,0,0,0,,,,,,,,,,,0
20200624,KY,405,81,0,7,0,0,8,0,,,,,,,,,,,0
20200624,LA,1412,1655,0,23,3,2,0,0,,,,,,,,,,,0
20200624,MA,5882,650,547,206,0,0,0,0,,,,,,,,,,,0
20200624,MD,1334,1261,332,121,0,0,0,0,,,,,,,,,,,0
20200624,ME,89,1,0,0,0,0,0,0,,,,,,,,,,,0
20200624,MI,3160,2429,0,79,19,0,97,0,,,,,,,,,,,0
20200624,MN,1018,104,0,45,21,2,7,0,,,,,,,,,,,0
20200624,MO,568,342,0,0,0,0,8,0,,,,,,,,,,,0
20200624,MP,0,0,0,0,0,0,0,0,,,,,,,,,,,0
20200624,MS,413,512,16,0,59,0,0,0,,,,,,,,,,,0
20200624,MT,13,0,0,0,5,0,0,0,,,,,,,,,,,0
20200624,NC,711,411,0,19,13,4,0,0,,,,,,,,,,,0
20200624,ND,0,0,0,0,0,0,0,0,,,,,,,,,,,0
20200624,NE,114,10,0,9,1,0,0,0,,,,,,,,,,,0
20200624,NH,259,6,10,3,0,0,0,0,,,,,,,,,,,0
20200624,NJ,6885,2331,2593,710,0,0,0,0,,,,,,,,,,,0
20200624,NM,98,4,59,1,236,0,0,0,,,,,,,,,,,0
20200624,NV,227,58,77,69,3,0,0,0,,,,,,,,,,,0
20200624,NY,8186,5983,6333,1605,0,0,0,0,,,,,,,,,,,0
20200624,OH,2150,510,0,29,0,0,33,0,,,,,,,,,,,0
20200624,OK,283,28,0,6,26,0,0,0,,,,,,,,,,,0
20200624,OR,141,6,0,9,3,4,2,0,,,,,,,,,,,0
20200624,PA,4566,1368,0,146,0,0,0,0,,,,,,,,,,,0
20200624,PR,0,0,0,0,0,0,0,0,,,,,,,,,,,0
20200624,RI,608,46,78,0,0,0,0,0,,,,,,,,,,,0
20200624,SC,303,303,0,6,0,0,0,0,,,,,,,,,,,0
20200624,SD,0,0,0,0,0,0,0,0,,,,,,,,,,,0
20200624,TN,313,186,0,11,0,0,0,0,,,,,,,,,,,0
20200624,TX,269,85,171,13,0,0,0,0,,,,,,,,,,,0
20200624,UT,90,5,38,8,8,10,0,0,,,,,,,,,,,0
20200624,VA,903,361,177,98,2,0,0,0,,,,,,,,,,,0
20200624,VI,0,0,0,0,0,0,0,0,,,,,,,,,,,0
20200624,VT,53,0,0,2,0,0,0,0,,,,,,,,,,,0
20200624,WA,862,40,149,108,17,12,16,0,,,,,,,,,,,0
20200624,WI,524,180,0,22,10,0,0,0,,,,,,,,,,,0
20200624,WV,58,3,0,0,0,0,0,0,,,,,,,,,,,0
20200624,WY,9,0,1,0,9,0,0,0,,,,,,,,,,,0
20200628,AK,9,0,0,2,2,1,0,0,,,,,,,,,,,0
20200628,AL,440,413,0,4,0,0,0,0,,,,,,,,,,,0
20200628,AR,139,67,0,2,0,24,0,0,,,,,,,,,,,0
20200628,AS,0,0,0,0,0,0,0,0,,,,,,,,,,,0
20200628,AZ,691,46,339,17,283,0,0,0,,,,,,,,,,,0
20200628,CA,1868,533,2348,831,18,22,34,0,,,,,,,,,,,0
20200628,CO,1049,108,355,56,8,6,20,0,,,,,,,,,,,0
20200628,CT,3151,642,373,45,0,0,0,0,,,,,,,,,,,0
20200628,DC,60,404,73,8,0,0,0,0,,,,,,,,,,,0
20200628,DE,318,130,31,1,0,0,0,0,,,,,,,,,,,0
20200628,FL,1653,707,854,0,0,0,0,0,,,,,,,,,,,0
20200628,GA,1254,1312,135,44,3,5,0,0,,,,,,,,,,,0
20200628,GU,0,0,0,0,0,0,0,0,,,,,,,,,,,0
20200628,HI,0,0,0,0,0,0,0,0,,,,,,,,,,,0
20200628,IA,564,34,0,23,5,12,0,0,,,,,,,,,,,0
20200628,ID,85,1,0,2,1,0,0,0,,,,,,,,,,,0
20200628,IL,3061,1923,1417,325,9,6,0,0,,,,,,,,,,,0
20200628,IN,1565,355,0,13,0,0,0,0,,,,,,,,,,,0
20200628,KS,185,61,0,9,2,0,0,0,,,,,,,,,,,0
20200628,KY,421,83,0,7,0,0,8,0,,,,,,,,,,,0
20200628,LA,1412,1655,0,23,3,2,0,0,,,,,,,,,,,0
20200628,MA,5980,668,564,217,0,0,0,0,,,,,,,,,,,0
20200628,MD,1351,1283,344,125,0,0,0,0,,,,,,,,,,,0
20200628,ME,92,2,0,0,0,0,0,0,,,,,,,,,,,0
20200628,MI,3181,2446,0,79,19,0,98,0,,,,,,,,,,,0
20200628,MN,1048,115,0,47,22,3,7,0,,,,,,,,,,,0
20200628,MO,580,351,0,0,0,0,8,0,,,,,,,,,,,0
20200628,MP,0,0,0,0,0,0,0,0,,,,,,,,,,,0
20200628,MS,428,523,16,0,61,0,0,0,,,,,,,,,,,0
20200628,MT,13,0,0,0,5,0,0,0,,,,,,,,,,,0
20200628,NC,742,426,0,19,15,4,0,0,,,,,,,,,,,0
20200628,ND,0,0,0,0,0,0,0,0,,,,,,,,,,,0
20200628,NE,114,10,0,9,1,0,0,0,,,,,,,,,,,0
20200628,NH,275,7,10,3,0,0,0,0,,,,,,,,,,,0
20200628,NJ,6952,2356,2613,716,0,0,0,0,,,,,,,,,,,0
20200628,NM,98,4,59,1,236,0,0,0,,,,,,,,,,,0
20200628,NV,228,58,78,70,3,0,0,0,,,,,,,,,,,0
20200628,NY,8244,6034,6378,1618,0,0,0,0,,,,,,,,,,,0
20200628,OH,2179,523,0,30,1,1,35,0,,,,,,,,,,,0
20200628,OK,291,28,0,7,27,0,0,0,,,,,,,,,,,0
20200628,OR,143,6,0,9,3,4,2,0,,,,,,,,,,,0
20200628,PA,4566,1368,0,146,0,0,0,0,,,,,,,,,,,0
20200628,PR,0,0,0,0,0,0,0,0,,,,,,,,,,,0
20200628,RI,608,46,78,0,0,0,0,0,,,,,,,,,,,0
20200628,SC,311,311,0,6,0,0,0,0,,,,,,,,,,,0
20200628,SD,0,0,0,0,0,0,0,0,,,,,,,,,,,0
20200628,TN,335,201,0,11,0,1,0,0,,,,,,,,,,,0
20200628,TX,269,85,171,13,0,0,0,0,,,,,,,,,,,0
20200628,UT,93,5,38,8,9,10,0,0,,,,,,,,,,,0
20200628,VA,942,376,189,100,2,0,0,0,,,,,,,,,,,0
20200628,VI,0,0,0,0,0,0,0,0,,,,,,,,,,,0
20200628,VT,53,0,0,2,0,0,0,0,,,,,,,,,,,0
20200628,WA,875,40,154,110,18,12,16,0,,,,,,,,,,,0
20200628,WI,538,183,0,23,10,0,0,0,,,,,,,,,,,0
20200628,WV,58,3,0,0,0,0,0,0,,,,,,,,,,,0
20200628,WY,8,0,1,0,9,0,0,0,,,,,,,,,,,0
20200701,AK,9,0,0,2,2,1,0,0,,,,,,,,,,,0
20200701,AL,469,431,0,4,0,0,0,0,,,,,,,,,,,0
20200701,AR,150,69,0,3,0,24,0,0,,,,,,,,,,,0
20200701,AS,0,0,0,0,0,0,0,0,,,,,,,,,,,0
20200701,AZ,735,49,373,17,293,0,0,0,,,,,,,,,,,0
20200701,CA,1902,556,2456,855,22,23,27,0,,,,,,,,,,,0
20200701,CO,1064,109,358,57,8,5,21,0,,,,,,,,,,,0
20200701,CT,3168,641,374,46,2,0,27,0,,,,,,,,,,,0
20200701,DC,60,407,73,8,0,0,0,0,,,,,,,,,,,0
20200701,DE,320,130,31,1,0,0,0,0,,,,,,,,,,,0
20200701,FL,1703,727,906,0,0,0,0,0,,,,,,,,,,,0
20200701,GA,1271,1331,142,47,3,5,0,0,,,,,,,,,,,0
20200701,GU,0,0,0,0,0,0,0,0,,,,,,,,,,,0
20200701,HI,0,0,0,0,0,0,0,0,,,,,,,,,,,0
20200701,IA,573,34,0,23,5,11,0,0,,,,,,,,,,,0
20200701,ID,87,1,0,2,1,0,0,0,,,,,,,,,,,0
20200701,IL,3090,1934,1435,327,9,7,0,0,,,,,,,,,,,0
20200701,IN,1593,355,0,13,0,0,0,0,,,,,,,,,,,0
20200701,KS,191,61,0,9,2,0,0,0,,,,,,,,,,,0
20200701,KY,432,85,0,8,0,0,8,0,,,,,,,,,,,0
20200701,LA,1414,1630,0,22,4,5,0,0,,,,,,,,,,,0
20200701,MA,6020,662,557,210,0,0,0,0,,,,,,,,,,,0
20200701,MD,1375,1294,348,126,0,0,0,0,,,,,,,,,,,0
20200701,ME,94,2,0,0,0,0,0,0,,,,,,,,,,,0
20200701,MI,3204,2458,0,78,19,0,101,0,,,,,,,,,,,0
20200701,MN,1064,123,0,47,23,3,8,0,,,,,,,,,,,0
20200701,MO,587,360,0,0,0,0,9,0,,,,,,,,,,,0
20200701,MP,0,0,0,0,0,0,0,0,,,,,,,,,,,0
20200701,MS,442,544,18,0,67,0,0,0,,,,,,,,,,,0
20200701,MT,14,0,0,0,8,0,0,0,,,,,,,,,,,0
20200701,NC,775,436,0,19,17,4,0,0,,,,,,,,,,,0
20200701,ND,0,0,0,0,0,0,0,0,,,,,,,,,,,0
20200701,NE,212,21,0,15,8,0,0,0,,,,,,,,,,,0
20200701,NH,280,7,10,3,0,0,0,0,,,,,,,,,,,0
20200701,NJ,7011,2363,2638,723,0,0,0,0,,,,,,,,,,,0
20200701,NM,98,4,59,1,236,0,0,0,,,,,,,,,,,0
20200701,NV,233,59,81,71,3,0,0,0,,,,,,,,,,,0
20200701,NY,8455,6246,6553,1676,0,0,0,0,,,,,,,,,,,0
20200701,OH,2228,542,0,31,1,1,35,0,,,,,,,,,,,0
20200701,OK,295,28,0,8,27,0,0,0,,,,,,,,,,,0
20200701,OR,154,6,0,9,3,5,2,0,,,,,,,,,,,0
20200701,PA,4693,1426,0,150,0,0,0,0,,,,,,,,,,,0
20200701,PR,0,0,0,0,0,0,0,0,,,,,,,,,,,0
20200701,RI,629,47,81,0,0,0,0,0,,,,,,,,,,,0
20200701,SC,331,324,0,7,0,0,0,0,,,,,,,,,,,0
20200701,SD,0,0,0,0,0,0,0,0,,,,,,,,,,,0
20200701,TN,344,215,0,11,0,1,0,0,,,,,,,,,,,0
20200701,TX,269,85,171,13,0,0,0,0,,,,,,,,,,,0
20200701,UT,93,5,42,8,10,10,0,0,,,,,,,,,,,0
20200701,VA,971,387,196,103,2,0,0,0,,,,,,,,,,,0
20200701,VI,0,0,0,0,0,0,0,0,,,,,,,,,,,0
20200701,VT,53,0,0,2,0,0,0,0,,,,,,,,,,,0
20200701,WA,896,43,162,111,21,12,16,0,,,,,,,,,,,0
20200701,WI,545,185,0,24,10,0,0,0,,,,,,,,,,,0
20200701,WV,58,3,0,0,0,0,0,0,,,,,,,,,,,0
20200701,WY,8,0,1,0,9,0,0,0,,,,,,,,,,,0
20200705,AK,10,0,0,2,3,1,0,0,,,,,,,,,,,0
20200705,AL,488,442,0,4,0,0,0,0,,,,,,,,,,,0
20200705,AR,156,70,0,3,0,26,0,0,,,,,,,,,,,0
20200705,AS,0,0,0,0,0,0,0,0,,,,,,,,,,,0
20200705,AZ,755,50,396,19,298,0,0,0,,,,,,,,,,,0
20200705,CA,1971,572,2588,880,23,25,34,0,,,,,,,,,,,0
20200705,CO,954,99,321,50,8,5,18,0,,,,,,,,,,,0
20200705,CT,3176,644,374,47,2,0,27,0,,,,,,,,,,,0
20200705,DC,60,412,74,8,0,0,0,0,,,,,,,,,,,0
20200705,DE,322,131,31,1,0,0,0,0,,,,,,,,,,,0
20200705,FL,1777,752,964,0,0,0,0,0,,,,,,,,,,,0
20200705,GA,1291,1345,146,47,3,5,0,0,,,,,,,,,,,0
20200705,GU,0,0,0,0,0,0,0,0,,,,,,,,,,,0
20200705,HI,0,0,0,0,0,0,0,0,,,,,,,,,,,0
20200705,IA,574,35,0,22,4,11,0,0,,,,,,,,,,,0
20200705,ID,87,1,0,2,1,0,0,0,,,,,,,,,,,0
20200705,IL,3123,1958,1448,329,10,7,0,0,,,,,,,,,,,0
20200705,IN,1619,362,0,13,0,0,0,0,,,,,,,,,,,0
20200705,KS,195,61,0,9,2,0,0,0,,,,,,,,,,,0
20200705,KY,443,85,0,7,0,0,9,0,,,,,,,,,,,0
20200705,LA,1414,1630,0,22,4,5,0,0,,,,,,,,,,,0
20200705,MA,6133,669,570,214,0,0,0,0,,,,,,,,,,,0
20200705,MD,1392,1304,355,127,0,0,0,0,,,,,,,,,,,0
20200705,ME,94,2,0,0,0,0,0,0,,,,,,,,,,,0
20200705,MI,3217,2464,0,78,19,0,101,0,,,,,,,,,,,0
20200705,MN,1096,125,0,50,23,3,10,0,,,,,,,,,,,0
20200705,MO,596,362,0,0,0,0,9,0,,,,,,,,,,,0
20200705,MP,0,0,0,0,0,0,0,0,,,,,,,,,,,0
20200705,MS,454,553,18,0,69,0,0,0,,,,,,,,,,,0
20200705,MT,14,0,0,0,8,0,0,0,,,,,,,,,,,0
20200705,NC,782,445,0,20,16,4,0,0,,,,,,,,,,,0
20200705,ND,0,0,0,0,0,0,0,0,,,,,,,,,,,0
20200705,NE,219,21,0,16,8,0,0,0,,,,,,,,,,,0
20200705,NH,288,7,10,3,0,0,0,0,,,,,,,,,,,0
20200705,NJ,7089,2389,2653,728,0,0,0,0,,,,,,,,,,,0
20200705,NM,98,4,59,1,236,0,0,0,,,,,,,,,,,0
20200705,NV,238,63,83,75,3,0,0,0,,,,,,,,,,,0
20200705,NY,8494,6277,6573,1684,0,0,0,0,,,,,,,,,,,0
20200705,OH,2246,554,0,31,1,1,35,0,,,,,,,,,,,0
20200705,OK,299,29,0,8,30,0,0,0,,,,,,,,,,,0
20200705,OR,155,6,0,9,3,5,2,0,,,,,,,,,,,0
20200705,PA,4693,1426,0,150,0,0,0,0,,,,,,,,,,,0
20200705,PR,0,0,0,0,0,0,0,0,,,,,,,,,,,0
20200705,RI,641,48,81,0,0,0,0,0,,,,,,,,,,,0
20200705,SC,353,345,0,7,0,0,0,0,,,,,,,,,,,0
20200705,SD,0,0,0,0,0,0,0,0,,,,,,,,,,,0
20200705,TN,361,228,0,11,0,1,0,0,,,,,,,,,,,0
20200705,TX,298,87,195,14,0,0,0,0,,,,,,,,,,,0
20200705,UT,100,5,44,9,10,11,0,0,,,,,,,,,,,0
20200705,VA,996,410,203,104,2,0,1,0,,,,,,,,,,,0
20200705,VI,0,0,0,0,0,0,0,0,,,,,,,,,,,0
20200705,VT,53,0,0,2,0,0,0,0,,,,,,,,,,,0
20200705,WA,901,45,163,112,23,12,16,0,,,,,,,,,,,0
20200705,WI,554,188,0,23,10,0,0,0,,,,,,,,,,,0
20200705,WV,58,3,0,0,0,0,0,0,,,,,,,,,,,0
20200705,WY,9,0,1,0,9,0,0,0,,,,,,,,,,,0
20200708,AK,11,0,0,2,3,1,0,0,,,,,,,,,,,0
20200708,AL,513,459,0,4,0,0,0,0,,,,,,,,,,,0
20200708,AR,165,74,0,3,0,27,0,0,,,,,,,,,,,0
20200708,AS,0,0,0,0,0,0,0,0,,,,,,,,,,,0
20200708,AZ,813,56,448,20,320,0,0,0,,,,,,,,,,,0
20200708,CA,2026,582,2715,892,23,28,33,0,,,,,,,,,,,0
20200708,CO,962,100,335,51,8,5,18,0,,,,,,,,,,,0
20200708,CT,3182,644,375,47,2,0,27,0,,,,,,,,,,,0
20200708,DC,60,417,74,8,0,0,0,0,,,,,,,,,,,0
20200708,DE,324,131,32,1,0,0,0,0,,,,,,,,,,,0
20200708,FL,1849,792,999,0,0,0,0,0,,,,,,,,,,,0
20200708,GA,1322,1365,152,47,3,6,0,0,,,,,,,,,,,0
20200708,GU,0,0,0,0,0,0,0,0,,,,,,,,,,,0
20200708,HI,0,0,0,0,0,0,0,0,,,,,,,,,,,0
20200708,IA,586,36,0,23,4,11,0,0,,,,,,,,,,,0
20200708,ID,93,1,0,2,1,0,0,0,,,,,,,,,,,0
20200708,IL,3163,1967,1460,337,10,8,0,0,,,,,,,,,,,0
20200708,IN,1644,368,0,13,0,0,0,0,,,,,,,,,,,0
20200708,KS,198,61,0,9,2,0,0,0,,,,,,,,,,,0
20200708,KY,463,87,0,7,0,0,11,0,,,,,,,,,,,0
20200708,LA,1468,1671,0,23,4,5,0,0,,,,,,,,,,,0
20200708,MA,6174,675,572,215,0,0,0,0,,,,,,,,,,,0
20200708,MD,1409,1317,364,128,0,0,0,0,,,,,,,,,,,0
20200708,ME,95,2,0,0,0,0,0,0,,,,,,,,,,,0
20200708,MI,3249,2474,0,79,19,0,101,0,,,,,,,,,,,0
20200708,MN,1134,131,0,53,23,3,10,0,,,,,,,,,,,0
20200708,MO,610,365,0,0,0,0,8,0,,,,,,,,,,,0
20200708,MP,0,0,0,0,0,0,0,0,,,,,,,,,,,0
20200708,MS,488,595,20,0,71,0,0,0,,,,,,,,,,,0
20200708,MT,14,0,0,0,8,0,0,0,,,,,,,,,,,0
20200708,NC,805,457,0,21,20,4,0,0,,,,,,,,,,,0
20200708,ND,0,0,0,0,0,0,0,0,,,,,,,,,,,0
20200708,NE,219,21,0,16,8,0,0,0,,,,,,,,,,,0
20200708,NH,290,7,10,3,0,0,0,0,,,,,,,,,,,0
20200708,NJ,7168,2412,2672,729,0,0,0,0,,,,,,,,,,,0
20200708,NM,98,4,59,1,236,0,0,0,,,,,,,,,,,0
20200708,NV,247,64,84,77,3,0,0,0,,,,,,,,,,,0
20200708,NY,8506,6295,6591,1683,0,0,0,0,,,,,,,,,,,0
20200708,OH,2297,572,0,31,1,1,35,0,,,,,,,,,,,0
20200708,OK,307,29,0,8,30,0,0,0,,,,,,,,,,,0
20200708,OR,165,6,0,9,3,6,2,0,,,,,,,,,,,0
20200708,PA,4693,1426,0,150,0,0,0,0,,,,,,,,,,,0
20200708,PR,0,0,0,0,0,0,0,0,,,,,,,,,,,0
20200708,RI,641,48,81,0,0,0,0,0,,,,,,,,,,,0
20200708,SC,384,360,0,8,0,0,0,0,,,,,,,,,,,0
20200708,SD,0,0,0,0,0,0,0,0,,,,,,,,,,,0
20200708,TN,386,241,0,12,0,1,0,0,,,,,,,,,,,0
20200708,TX,303,89,198,14,0,0,0,0,,,,,,,,,,,0
20200708,UT,108,5,48,10,12,12,0,0,,,,,,,,,,,0
20200708,VA,1032,427,204,108,2,0,1,0,,,,,,,,,,,0
20200708,VI,0,0,0,0,0,0,0,0,,,,,,,,,,,0
20200708,VT,53,0,0,2,0,0,0,0,,,,,,,,,,,0
20200708,WA,915,45,166,113,26,12,16,0,,,,,,,,,,,0
20200708,WI,565,194,0,23,10,0,0,0,,,,,,,,,,,0
20200708,WV,58,3,0,0,0,0,0,0,,,,,,,,,,,0
20200708,WY,9,0,1,0,9,0,0,0,,,,,,,,,,,0
20200712,AK,11,0,0,2,3,1,0,0,,,,,,,,,,,0
20200712,AL,543,479,0,4,0,0,0,0,,,,,,,,,,,0
20200712,AR,171,78,0,3,0,27,0,0,,,,,,,,,,,0
20200712,AS,0,0,0,0,0,0,0,0,,,,,,,,,,,0
20200712,AZ,907,64,540,24,344,0,0,0,,,,,,,,,,,0
20200712,CA,2140,613,3020,933,25,33,40,0,,,,,,,,,,,0
20200712,CO,981,107,343,53,8,5,19,0,,,,,,,,,,,0
20200712,CT,3184,646,376,47,2,0,27,0,,,,,,,,,,,0
20200712,DC,60,421,74,8,0,0,0,0,,,,,,,,,,,0
20200712,DE,324,132,32,1,0,0,0,0,,,,,,,,,,,0
20200712,FL,1993,864,1102,0,0,0,0,0,,,,,,,,,,,0
20200712,GA,1365,1391,162,48,4,6,0,0,,,,,,,,,,,0
20200712,GU,0,0,0,0,0,0,0,0,,,,,,,,,,,0
20200712,HI,0,0,0,0,0,0,0,0,,,,,,,,,,,0
20200712,IA,599,36,0,24,5,12,0,0,,,,,,,,,,,0
20200712,ID,96,1,0,2,1,0,0,0,,,,,,,,,,,0
20200712,IL,3199,1990,1482,343,10,8,0,0,,,,,,,,,,,0
20200712,IN,1662,370,0,13,0,0,0,0,,,,,,,,,,,0
20200712,KS,198,61,0,9,2,0,0,0,,,,,,,,,,,0
20200712,KY,475,88,0,8,0,0,12,0,,,,,,,,,,,0
20200712,LA,1468,1671,0,23,4,5,0,0,,,,,,,,,,,0
20200712,MA,6240,684,575,215,0,0,0,0,,,,,,,,,,,0
20200712,MD,1424,1344,369,129,0,0,0,0,,,,,,,,,,,0
20200712,ME,95,2,0,0,0,0,0,0,,,,,,,,,,,0
20200712,MI,3274,2496,0,80,19,0,102,0,,,,,,,,,,,0
20200712,MN,1210,147,0,62,27,3,22,0,,,,,,,,,,,0
20200712,MO,625,369,0,0,0,0,8,0,,,,,,,,,,,0
20200712,MP,0,0,0,0,0,0,0,0,,,,,,,,,,,0
20200712,MS,505,615,21,0,73,0,0,0,,,,,,,,,,,0
20200712,MT,14,0,0,0,8,0,0,0,,,,,,,,,,,0
20200712,NC,836,473,0,22,21,3,0,0,,,,,,,,,,,0
20200712,ND,0,0,0,0,0,0,0,0,,,,,,,,,,,0
20200712,NE,219,22,0,17,7,0,0,0,,,,,,,,,,,0
20200712,NH,304,7,11,3,0,0,0,0,,,,,,,,,,,0
20200712,NJ,7223,2441,2687,736,0,0,0,0,,,,,,,,,,,0
20200712,NM,98,4,59,1,236,0,0,0,,,,,,,,,,,0
20200712,NV,257,65,86,78,4,0,0,0,,,,,,,,,,,0
20200712,NY,8536,6312,6658,1687,0,0,0,0,,,,,,,,,,,0
20200712,OH,2341,585,0,33,1,1,36,0,,,,,,,,,,,0
20200712,OK,317,30,0,8,34,0,0,0,,,,,,,,,,,0
20200712,OR,171,6,0,9,3,6,2,0,,,,,,,,,,,0
20200712,PA,4925,1469,0,151,0,0,0,0,,,,,,,,,,,0
20200712,PR,0,0,0,0,0,0,0,0,,,,,,,,,,,0
20200712,RI,641,48,81,0,0,0,0,0,,,,,,,,,,,0
20200712,SC,422,386,0,8,0,0,0,0,,,,,,,,,,,0
20200712,SD,0,0,0,0,0,0,0,0,,,,,,,,,,,0
20200712,TN,413,263,0,12,0,1,0,0,,,,,,,,,,,0
20200712,TX,310,91,210,14,0,0,0,0,,,,,,,,,,,0
20200712,UT,112,5,53,10,15,12,0,0,,,,,,,,,,,0
20200712,VA,1058,455,216,114,2,0,0,0,,,,,,,,,,,0
20200712,VI,0,0,0,0,0,0,0,0,,,,,,,,,,,0
20200712,VT,53,0,0,2,0,0,0,0,,,,,,,,,,,0
20200712,WA,933,46,174,115,16,13,28,0,,,,,,,,,,,0
20200712,WI,577,194,0,23,10,0,0,0,,,,,,,,,,,0
20200712,WV,58,3,0,0,0,0,0,0,,,,,,,,,,,0
20200712,WY,9,0,2,0,9,0,0,0,,,,,,,,,,,0
20200715,AK,11,0,0,2,3,1,0,0,,,,,,,,,,,0
20200715,AL,593,516,0,4,0,0,0,0,,,,,,,,,,,0
20200715,AR,188,87,0,6,0,29,0,0,,,,,,,,,,,0
20200715,AS,0,0,0,0,0,0,0,0,,,,,,,,,,,0
20200715,AZ,970,69,601,27,353,0,0,0,,,,,,,,,,,0
20200715,CA,2190,621,3091,949,25,34,41,0,,,,,,,,,,,0
20200715,CO,998,108,348,53,8,5,19,0,,,,,,,,,,,0
20200715,CT,3211,646,376,48,2,0,31,0,,,,,,,,,,,0
20200715,DC,60,424,74,8,0,0,0,0,,,,,,,,,,,0
20200715,DE,325,134,33,1,0,0,0,0,,,,,,,,,,,0
20200715,FL,2135,908,1164,0,0,0,0,0,,,,,,,,,,,0
20200715,GA,1401,1436,171,49,4,6,0,0,,,,,,,,,,,0
20200715,GU,0,0,0,0,0,0,0,0,,,,,,,,,,,0
20200715,HI,0,0,0,0,0,0,0,0,,,,,,,,,,,0
20200715,IA,609,38,0,23,7,15,0,0,,,,,,,,,,,0
20200715,ID,101,1,0,2,1,0,0,0,,,,,,,,,,,0
20200715,IL,3219,1998,1491,346,10,8,0,0,,,,,,,,,,,0
20200715,IN,1682,371,0,13,0,0,0,0,,,,,,,,,,,0
20200715,KS,207,64,0,9,2,0,0,0,,,,,,,,,,,0
20200715,KY,488,91,0,8,0,0,14,0,,,,,,,,,,,0
20200715,LA,1468,1671,0,23,4,5,0,0,,,,,,,,,,,0
20200715,MA,6284,686,576,215,0,0,0,0,,,,,,,,,,,0
20200715,MD,1431,1354,376,130,0,0,0,0,,,,,,,,,,,0
20200715,ME,104,2,0,0,0,0,0,0,,,,,,,,,,,0
20200715,MI,3290,2500,0,80,19,0,104,0,,,,,,,,,,,0
20200715,MN,1215,149,0,65,29,3,22,0,,,,,,,,,,,0
20200715,MO,643,380,0,0,0,0,9,0,,,,,,,,,,,0
20200715,MP,0,0,0,0,0,0,0,0,,,,,,,,,,,0
20200715,MS,534,641,22,0,74,0,0,0,,,,,,,,,,,0
20200715,MT,17,0,0,0,10,0,0,0,,,,,,,,,,,0
20200715,NC,873,496,0,22,23,3,0,0,,,,,,,,,,,0
20200715,ND,0,0,0,0,0,0,0,0,,,,,,,,,,,0
20200715,NE,220,22,0,16,7,0,0,0,,,,,,,,,,,0
20200715,NH,326,8,11,3,0,0,0,0,,,,,,,,,,,0
20200715,NJ,7249,2451,2700,738,0,0,0,0,,,,,,,,,,,0
20200715,NM,98,4,59,1,236,0,0,0,,,,,,,,,,,0
20200715,NV,270,68,89,82,4,0,0,0,,,,,,,,,,,0
20200715,NY,8569,6324,6629,1694,0,0,0,0,,,,,,,,,,,0
20200715,OH,2349,592,0,33,1,1,37,0,,,,,,,,,,,0
20200715,OK,325,30,0,8,35,0,0,0,,,,,,,,,,,0
20200715,OR,184,6,0,9,3,6,2,0,,,,,,,,,,,0
20200715,PA,4693,1426,0,150,0,0,0,0,,,,,,,,,,,0
20200715,PR,0,0,0,0,0,0,0,0,,,,,,,,,,,0
20200715,RI,656,51,85,0,0,0,0,0,,,,,,,,,,,0
20200715,SC,457,410,0,9,0,0,0,0,,,,,,,,,,,0
20200715,SD,0,0,0,0,0,0,0,0,,,,,,,,,,,0
20200715,TN,434,280,0,13,0,1,0,0,,,,,,,,,,,0
20200715,TX,315,94,211,14,0,0,0,0,,,,,,,,,,,0
20200715,UT,118,5,54,11,21,13,0,0,,,,,,,,,,,0
20200715,VA,1071,465,220,115,2,0,0,0,,,,,,,,,,,0
20200715,VI,0,0,0,0,0,0,0,0,,,,,,,,,,,0
20200715,VT,53,0,0,2,0,0,0,0,,,,,,,,,,,0
20200715,WA,921,48,184,115,30,14,16,0,,,,,,,,,,,0
20200715,WI,582,197,0,23,10,0,0,0,,,,,,,,,,,0
20200715,WV,58,3,0,0,0,0,0,0,,,,,,,,,,,0
20200715,WY,9,0,2,0,9,0,0,0,,,,,,,,,,,0
20200719,AK,11,0,0,2,4,1,0,0,,,,,,,,,,,0
20200719,AL,637,537,0,4,0,0,0,0,,,,,,,,,,,0
20200719,AR,202,93,0,6,0,29,0,0,,,,,,,,,,,0
20200719,AS,0,0,0,0,0,0,0,0,,,,,,,,,,,0
20200719,AZ,1065,81,720,29,379,0,0,0,,,,,,,,,,,0
20200719,CA,2298,654,3359,993,25,40,41,0,,,,,,,,,,,0
20200719,CO,1005,108,353,53,9,5,20,0,,,,,,,,,,,0
20200719,CT,3218,651,380,49,2,0,31,0,,,,,,,,,,,0
20200719,DC,62,426,76,8,0,0,0,0,,,,,,,,,,,0
20200719,DE,326,134,34,1,0,0,0,0,,,,,,,,,,,0
20200719,FL,2345,981,1286,0,0,0,0,0,,,,,,,,,,,0
20200719,GA,1428,1463,181,49,4,7,0,0,,,,,,,,,,,0
20200719,GU,0,0,0,0,0,0,0,0,,,,,,,,,,,0
20200719,HI,0,0,0,0,0,0,0,0,,,,,,,,,,,0
20200719,IA,626,39,0,23,7,15,0,0,,,,,,,,,,,0
20200719,ID,109,1,0,2,1,0,0,0,,,,,,,,,,,0
20200719,IL,3251,2012,1510,347,10,9,0,0,,,,,,,,,,,0
20200719,IN,1704,373,0,14,0,0,0,0,,,,,,,,,,,0
20200719,KS,207,64,0,9,2,0,0,0,,,,,,,,,,,0
20200719,KY,508,91,0,8,0,0,14,0,,,,,,,,,,,0
20200719,LA,1468,1671,0,23,4,5,0,0,,,,,,,,,,,0
20200719,MA,6337,691,582,217,0,0,0,0,,,,,,,,,,,0
20200719,MD,1441,1370,382,130,0,0,0,0,,,,,,,,,,,0
20200719,ME,104,2,0,0,0,0,0,0,,,,,,,,,,,0
20200719,MI,3306,2516,0,80,19,0,105,0,,,,,,,,,,,0
20200719,MN,1234,151,0,67,30,3,22,0,,,,,,,,,,,0
20200719,MO,666,383,0,0,0,0,11,0,,,,,,,,,,,0
20200719,MP,0,0,0,0,0,0,0,0,,,,,,,,,,,0
20200719,MS,555,670,23,0,76,0,0,0,,,,,,,,,,,0
20200719,MT,17,0,0,0,10,0,0,0,,,,,,,,,,,0
20200719,NC,910,517,0,25,24,3,0,0,,,,,,,,,,,0
20200719,ND,0,0,0,0,0,0,0,0,,,,,,,,,,,0
20200719,NE,231,22,0,17,7,0,0,0,,,,,,,,,,,0
20200719,NH,372,9,11,4,0,0,0,0,,,,,,,,,,,0
20200719,NJ,7291,2467,2721,741,0,0,0,0,,,,,,,,,,,0
20200719,NM,98,4,59,1,236,0,0,0,,,,,,,,,,,0
20200719,NV,275,69,91,82,4,0,0,0,,,,,,,,,,,0
20200719,NY,8597,6345,6637,1702,0,0,0,0,,,,,,,,,,,0
20200719,OH,2413,614,0,35,1,1,40,0,,,,,,,,,,,0
20200719,OK,339,30,0,10,37,0,0,0,,,,,,,,,,,0
20200719,OR,188,6,0,10,3,6,2,0,,,,,,,,,,,0
20200719,PA,5018,1484,0,151,0,0,0,0,,,,,,,,,,,0
20200719,PR,0,0,0,0,0,0,0,0,,,,,,,,,,,0
20200719,RI,656,51,85,0,0,0,0,0,,,,,,,,,,,0
20200719,SC,512,439,0,10,0,0,0,0,,,,,,,,,,,0
20200719,SD,0,0,0,0,0,0,0,0,,,,,,,,,,,0
20200719,TN,468,304,0,14,0,2,0,0,,,,,,,,,,,0
20200719,TX,325,95,221,16,0,0,0,0,,,,,,,,,,,0
20200719,UT,121,5,58,13,21,13,0,0,,,,,,,,,,,0
20200719,VA,1094,477,223,117,2,0,0,0,,,,,,,,,,,0
20200719,VI,0,0,0,0,0,0,0,0,,,,,,,,,,,0
20200719,VT,53,0,0,2,0,0,0,0,,,,,,,,,,,0
20200719,WA,933,48,193,118,32,14,17,0,,,,,,,,,,,0
20200719,WI,595,198,0,23,10,0,0,0,,,,,,,,,,,0
20200719,WV,58,3,0,0,0,0,0,0,,,,,,,,,,,0
20200719,WY,11,0,2,0,10,0,0,0,,,,,,,,,,,0
20200722,AK,11,0,0,2,4,1,0,0,,,,,,,,,,,0
20200722,AL,672,561,0,4,0,0,0,0,,,,,,,,,,,0
20200722,AR,214,100,0,6,0,30,0,0,,,,,,,,,,,0
20200722,AS,0,0,0,0,0,0,0,0,,,,,,,,,,,0
20200722,AZ,1128,86,786,32,394,0,0,0,,,,,,,,,,,0
20200722,CA,2347,660,3455,1008,27,41,41,0,,,,,,,,,,,0
20200722,CO,1020,109,361,53,11,5,20,0,,,,,,,,,,,0
20200722,CT,3230,651,380,48,2,0,32,0,,,,,,,,,,,0
20200722,DC,62,428,76,8,0,0,0,0,,,,,,,,,,,0
20200722,DE,327,135,35,1,0,0,0,0,,,,,,,,,,,0
20200722,FL,2515,1061,1358,0,0,0,0,0,,,,,,,,,,,0
20200722,GA,1503,1516,196,53,5,7,0,0,,,,,,,,,,,0
20200722,GU,0,0,0,0,0,0,0,0,,,,,,,,,,,0
20200722,HI,0,0,0,0,0,0,0,0,,,,,,,,,,,0
20200722,IA,649,40,0,24,8,8,0,0,,,,,,,,,,,0
20200722,ID,124,2,0,2,2,0,0,0,,,,,,,,,,,0
20200722,IL,3268,2024,1531,349,10,9,0,0,,,,,,,,,,,0
20200722,IN,1720,377,0,14,0,0,0,0,,,,,,,,,,,0
20200722,KS,216,64,0,9,2,0,0,0,,,,,,,,,,,0
20200722,KY,515,92,0,8,0,0,16,0,,,,,,,,,,,0
20200722,LA,1679,1803,0,23,4,5,0,0,,,,,,,,,,,0
20200722,MA,6366,693,586,218,0,0,0,0,,,,,,,,,,,0
20200722,MD,1454,1384,388,131,0,0,0,0,,,,,,,,,,,0
20200722,ME,106,3,0,0,0,0,0,0,,,,,,,,,,,0
20200722,MI,3318,2525,0,80,19,0,103,0,,,,,,,,,,,0
20200722,MN,1239,152,0,67,31,3,22,0,,,,,,,,,,,0
20200722,MO,680,391,0,0,0,0,10,0,,,,,,,,,,,0
20200722,MP,0,0,0,0,0,0,0,0,,,,,,,,,,,0
20200722,MS,582,715,24,0,76,0,0,0,,,,,,,,,,,0
20200722,MT,17,0,0,0,10,0,0,0,,,,,,,,,,,0
20200722,NC,945,536,0,25,25,4,0,0,,,,,,,,,,,0
20200722,ND,0,0,0,0,0,0,0,0,,,,,,,,,,,0
20200722,NE,237,23,0,18,7,0,0,0,,,,,,,,,,,0
20200722,NH,375,9,11,4,0,0,0,0,,,,,,,,,,,0
20200722,NJ,7326,2476,2730,745,0,0,0,0,,,,,,,,,,,0
20200722,NM,98,4,59,1,236,0,0,0,,,,,,,,,,,0
20200722,NV,288,70,102,82,4,0,0,0,,,,,,,,,,,0
20200722,NY,8597,6329,6665,1683,0,0,0,0,,,,,,,,,,,0
20200722,OH,2454,627,0,36,1,1,39,0,,,,,,,,,,,0
20200722,OK,355,30,0,11,42,0,0,0,,,,,,,,,,,0
20200722,OR,197,6,0,12,3,6,2,0,,,,,,,,,,,0
20200722,PA,5018,1484,0,151,0,0,0,0,,,,,,,,,,,0
20200722,PR,0,0,0,0,0,0,0,0,,,,,,,,,,,0
20200722,RI,662,51,85,0,0,0,0,0,,,,,,,,,,,0
20200722,SC,566,485,0,11,0,0,0,0,,,,,,,,,,,0
20200722,SD,0,0,0,0,0,0,0,0,,,,,,,,,,,0
20200722,TN,489,319,0,15,0,2,0,0,,,,,,,,,,,0
20200722,TX,329,95,229,15,0,0,0,0,,,,,,,,,,,0
20200722,UT,129,5,63,13,21,14,0,0,,,,,,,,,,,0
20200722,VA,1112,484,226,117,2,0,0,0,,,,,,,,,,,0
20200722,VI,0,0,0,0,0,0,0,0,,,,,,,,,,,0
20200722,VT,53,0,0,2,0,0,0,0,,,,,,,,,,,0
20200722,WA,946,49,198,123,31,16,17,0,,,,,,,,,,,0
20200722,WI,611,199,0,23,10,0,0,0,,,,,,,,,,,0
20200722,WV,58,3,0,0,0,0,0,0,,,,,,,,,,,0
20200722,WY,13,0,2,0,10,0,0,0,,,,,,,,,,,0
20200726,AK,11,0,0,2,5,1,0,0,,,,,,,,,,,0
20200726,AL,740,599,0,4,0,0,0,0,,,,,,,,,,,0
20200726,AR,232,106,0,6,2,30,0,0,,,,,,,,,,,0
20200726,AS,0,0,0,0,0,0,0,0,,,,,,,,,,,0
20200726,AZ,1233,97,902,35,417,0,0,0,,,,,,,,,,,0
20200726,CA,2474,697,3740,1056,31,45,42,0,,,,,,,,,,,0
20200726,CO,1031,110,364,53,11,5,20,0,,,,,,,,,,,0
20200726,CT,3232,653,381,48,2,0,33,0,,,,,,,,,,,0
20200726,DC,62,429,76,8,0,0,0,0,,,,,,,,,,,0
20200726,DE,358,147,39,1,0,0,0,0,,,,,,,,,,,0
20200726,FL,2750,1189,1452,0,0,0,0,0,,,,,,,,,,,0
20200726,GA,1591,1587,205,59,4,7,0,0,,,,,,,,,,,0
20200726,GU,0,0,0,0,0,0,0,0,,,,,,,,,,,0
20200726,HI,0,0,0,0,0,0,0,0,,,,,,,,,,,0
20200726,IA,662,41,0,24,8,8,0,0,,,,,,,,,,,0
20200726,ID,132,3,0,2,2,0,0,0,,,,,,,,,,,0
20200726,IL,3294,2033,1540,353,10,9,0,0,,,,,,,,,,,0
20200726,IN,1743,382,0,14,0,0,0,0,,,,,,,,,,,0
20200726,KS,233,63,0,9,3,0,0,0,,,,,,,,,,,0
20200726,KY,529,94,0,8,0,0,16,0,,,,,,,,,,,0
20200726,LA,1679,1803,0,23,4,5,0,0,,,,,,,,,,,0
20200726,MA,6413,699,594,219,0,0,0,0,,,,,,,,,,,0
20200726,MD,1463,1402,393,131,0,0,0,0,,,,,,,,,,,0
20200726,ME,106,3,0,0,0,0,0,0,,,,,,,,,,,0
20200726,MI,3325,2531,0,79,19,0,102,0,,,,,,,,,,,0
20200726,MN,1262,149,0,70,31,3,22,0,,,,,,,,,,,0
20200726,MO,713,396,0,0,0,0,9,0,,,,,,,,,,,0
20200726,MP,0,0,0,0,0,0,0,0,,,,,,,,,,,0
20200726,MS,615,738,24,0,76,0,0,0,,,,,,,,,,,0
20200726,MT,17,0,0,0,10,0,0,0,,,,,,,,,,,0
20200726,NC,994,558,0,26,26,3,0,0,,,,,,,,,,,0
20200726,ND,0,0,0,0,0,0,0,0,,,,,,,,,,,0
20200726,NE,240,24,0,18,9,0,0,0,,,,,,,,,,,0
20200726,NH,381,9,11,4,0,0,0,0,,,,,,,,,,,0
20200726,NJ,7358,2486,2752,750,0,0,0,0,,,,,,,,,,,0
20200726,NM,98,4,59,1,236,0,0,0,,,,,,,,,,,0
20200726,NV,294,71,109,83,4,0,0,0,,,,,,,,,,,0
20200726,NY,8625,6349,6682,1686,0,0,0,0,,,,,,,,,,,0
20200726,OH,2504,641,0,36,1,1,42,0,,,,,,,,,,,0
20200726,OK,370,31,0,12,44,0,0,0,,,,,,,,,,,0
20200726,OR,202,6,0,12,3,6,3,0,,,,,,,,,,,0
20200726,PA,5018,1484,0,151,0,0,0,0,,,,,,,,,,,0
20200726,PR,0,0,0,0,0,0,0,0,,,,,,,,,,,0
20200726,RI,662,51,85,0,0,0,0,0,,,,,,,,,,,0
20200726,SC,642,526,0,12,0,0,0,0,,,,,,,,,,,0
20200726,SD,0,0,0,0,0,0,0,0,,,,,,,,,,,0
20200726,TN,543,336,0,15,2,2,0,0,,,,,,,,,,,0
20200726,TX,336,99,237,16,0,0,0,0,,,,,,,,,,,0
20200726,UT,140,5,65,15,21,14,0,0,,,,,,,,,,,0
20200726,VA,1129,494,230,120,2,0,0,0,,,,,,,,,,,0
20200726,VI,0,0,0,0,0,0,0,0,,,,,,,,,,,0
20200726,VT,53,0,0,2,0,0,0,0,,,,,,,,,,,0
20200726,WA,986,49,200,125,33,21,17,0,,,,,,,,,,,0
20200726,WI,629,203,0,26,10,0,0,0,,,,,,,,,,,0
20200726,WV,58,3,0,0,0,0,0,0,,,,,,,,,,,0
20200726,WY,12,0,2,0,10,0,0,0,,,,,,,,,,,0
20200729,AK,11,0,0,2,8,1,0,0,,,,,,,,,,,0
20200729,AL,779,623,0,4,0,0,0,0,,,,,,,,,,,0
20200729,AR,255,113,0,6,2,31,0,0,,,,,,,,,,,0
20200729,AS,0,0,0,0,0,0,0,0,,,,,,,,,,,0
20200729,AZ,1372,104,946,42,430,0,0,0,,,,,,,,,,,0
20200729,CA,2516,710,3846,1073,32,47,46,0,,,,,,,,,,,0
20200729,CO,1041,112,375,55,11,5,21,0,,,,,,,,,,,0
20200729,CT,3243,654,382,48,2,0,33,0,,,,,,,,,,,0
20200729,DC,62,431,77,8,0,0,0,0,,,,,,,,,,,0
20200729,DE,359,148,39,1,0,0,0,0,,,,,,,,,,,0
20200729,FL,2988,1268,1547,0,0,0,0,0,,,,,,,,,,,0
20200729,GA,1656,1634,216,62,3,7,0,0,,,,,,,,,,,0
20200729,GU,0,0,0,0,0,0,0,0,,,,,,,,,,,0
20200729,HI,0,0,0,0,0,0,0,0,,,,,,,,,,,0
20200729,IA,680,38,0,24,5,11,0,0,,,,,,,,,,,0
20200729,ID,159,3,0,2,3,0,0,0,,,,,,,,,,,0
20200729,IL,3327,2045,1556,355,10,9,0,0,,,,,,,,,,,0
20200729,IN,1773,384,0,15,0,0,0,0,,,,,,,,,,,0
20200729,KS,250,63,0,9,3,0,0,0,,,,,,,,,,,0
20200729,KY,543,96,0,11,0,0,16,0,,,,,,,,,,,0
20200729,LA,1803,1884,0,26,4,5,0,0,,,,,,,,,,,0
20200729,MA,6449,703,599,219,0,0,0,0,,,,,,,,,,,0
20200729,MD,1476,1414,395,132,0,0,0,0,,,,,,,,,,,0
20200729,ME,107,4,0,0,0,0,0,0,,,,,,,,,,,0
20200729,MI,3338,2537,0,78,19,0,101,0,,,,,,,,,,,0
20200729,MN,1271,149,0,70,32,3,22,0,,,,,,,,,,,0
20200729,MO,724,403,0,0,0,0,8,0,,,,,,,,,,,0
20200729,MP,0,0,0,0,0,0,0,0,,,,,,,,,,,0
20200729,MS,649,780,24,0,76,0,0,0,,,,,,,,,,,0
20200729,MT,23,0,0,0,11,0,0,0,,,,,,,,,,,0
20200729,NC,1047,576,0,27,27,3,0,0,,,,,,,,,,,0
20200729,ND,0,0,0,0,0,0,0,0,,,,,,,,,,,0
20200729,NE,245,24,0,18,9,0,0,0,,,,,,,,,,,0
20200729,NH,382,9,11,4,0,0,0,0,,,,,,,,,,,0
20200729,NJ,7366,2491,2762,752,0,0,0,0,,,,,,,,,,,0
20200729,NM,98,4,59,1,236,0,0,0,,,,,,,,,,,0
20200729,NV,306,74,115,85,4,0,0,0,,,,,,,,,,,0
20200729,NY,8637,6360,6694,1687,0,0,0,0,,,,,,,,,,,0
20200729,OH,2589,657,0,39,1,1,45,0,,,,,,,,,,,0
20200729,OK,388,31,0,12,47,0,0,0,,,,,,,,,,,0
20200729,OR,214,8,0,14,6,6,3,0,,,,,,,,,,,0
20200729,PA,5018,1484,0,151,0,0,0,0,,,,,,,,,,,0
20200729,PR,0,0,0,0,0,0,0,0,,,,,,,,,,,0
20200729,RI,666,52,87,0,0,0,0,0,,,,,,,,,,,0
20200729,SC,718,589,0,14,0,0,0,0,,,,,,,,,,,0
20200729,SD,0,0,0,0,0,0,0,0,,,,,,,,,,,0
20200729,TN,574,347,0,15,3,2,0,0,,,,,,,,,,,0
20200729,TX,2147,866,2965,158,0,0,0,0,,,,,,,,,,,0
20200729,UT,149,5,69,16,25,15,0,0,,,,,,,,,,,0
20200729,VA,1151,512,234,120,2,0,0,0,,,,,,,,,,,0
20200729,VI,0,0,0,0,0,0,0,0,,,,,,,,,,,0
20200729,VT,53,0,0,2,0,0,0,0,,,,,,,,,,,0
20200729,WA,1011,49,206,127,39,22,18,0,,,,,,,,,,,0
20200729,WI,643,207,0,26,10,0,0,0,,,,,,,,,,,0
20200729,WV,58,3,0,0,0,0,0,0,,,,,,,,,,,0
20200729,WY,12,0,2,0,11,0,0,0,,,,,,,,,,,0
20200802,AK,11,0,0,2,8,3,0,0,,,,,,,,,,,0
20200802,AL,832,653,0,4,0,0,0,0,,,,,,,,,,,0
20200802,AR,278,118,0,7,2,32,0,0,,,,,,,,,,,0
20200802,AS,0,0,0,0,0,0,0,0,,,,,,,,,,,0
20200802,AZ,1487,117,1049,47,453,0,0,0,,,,,,,,,,,0
20200802,CA,2713,756,4189,1132,33,48,50,0,,,,,,,,,,,0
20200802,CO,1065,113,381,54,10,5,22,0,,,,,,,,,,,0
20200802,CT,3248,656,382,48,2,0,33,0,,,,,,,,,,,0
20200802,DC,62,433,77,8,0,0,0,0,,,,,,,,,,,0
20200802,DE,361,149,40,1,0,0,0,0,,,,,,,,,,,0
20200802,FL,3295,1384,1799,0,0,0,0,0,,,,,,,,,,,0
20200802,GA,1756,1710,232,64,3,8,0,0,,,,,,,,,,,0
20200802,GU,0,0,0,0,0,0,0,0,,,,,,,,,,,0
20200802,HI,0,0,0,0,0,0,0,0,,,,,,,,,,,0
20200802,IA,700,40,0,24,4,12,0,0,,,,,,,,,,,0
20200802,ID,177,3,0,2,3,0,0,0,,,,,,,,,,,0
20200802,IL,3358,2060,1566,357,10,9,0,0,,,,,,,,,,,0
20200802,IN,1798,388,0,15,0,0,0,0,,,,,,,,,,,0
20200802,KS,256,65,0,9,3,0,0,0,,,,,,,,,,,0
20200802,KY,553,99,0,10,0,0,18,0,,,,,,,,,,,0
20200802,LA,1803,1884,0,26,4,5,0,0,,,,,,,,,,,0
20200802,MA,6496,708,603,220,0,0,0,0,,,,,,,,,,,0
20200802,MD,1494,1434,402,133,0,0,0,0,,,,,,,,,,,0
20200802,ME,107,4,0,0,0,0,0,0,,,,,,,,,,,0
20200802,MI,3365,2547,0,78,19,0,101,0,,,,,,,,,,,0
20200802,MN,1289,154,0,73,32,3,22,0,,,,,,,,,,,0
20200802,MO,745,413,0,0,0,0,8,0,,,,,,,,,,,0
20200802,MP,0,0,0,0,0,0,0,0,,,,,,,,,,,0
20200802,MS,703,845,25,1,77,0,0,0,,,,,,,,,,,0
20200802,MT,23,0,0,0,11,0,0,0,,,,,,,,,,,0
20200802,NC,1106,592,0,29,29,3,0,0,,,,,,,,,,,0
20200802,ND,0,0,0,0,0,0,0,0,,,,,,,,,,,0
20200802,NE,254,24,0,18,10,0,0,0,,,,,,,,,,,0
20200802,NH,387,9,11,4,0,0,0,0,,,,,,,,,,,0
20200802,NJ,8414,2798,3128,866,0,0,0,0,,,,,,,,,,,0
20200802,NM,98,4,59,1,236,0,0,0,,,,,,,,,,,0
20200802,NV,318,75,119,88,4,0,0,0,,,,,,,,,,,0
20200802,NY,8651,6372,6703,1693,0,0,0,0,,,,,,,,,,,0
20200802,OH,2666,665,0,39,1,1,47,0,,,,,,,,,,,0
20200802,OK,403,34,0,13,52,0,0,0,,,,,,,,,,,0
20200802,OR,219,8,0,14,6,6,3,0,,,,,,,,,,,0
20200802,PA,5163,1522,0,156,0,0,0,0,,,,,,,,,,,0
20200802,PR,0,0,0,0,0,0,0,0,,,,,,,,,,,0
20200802,RI,666,52,87,0,0,0,0,0,,,,,,,,,,,0
20200802,SC,793,634,0,15,0,0,0,0,,,,,,,,,,,0
20200802,SD,0,0,0,0,0,0,0,0,,,,,,,,,,,0
20200802,TN,610,359,0,16,3,2,0,0,,,,,,,,,,,0
20200802,TX,2280,910,3423,167,0,0,0,0,,,,,,,,,,,0
20200802,UT,161,5,71,16,27,16,0,0,,,,,,,,,,,0
20200802,VA,1204,541,239,123,2,0,0,0,,,,,,,,,,,0
20200802,VI,0,0,0,0,0,0,0,0,,,,,,,,,,,0
20200802,VT,54,0,0,2,0,0,0,0,,,,,,,,,,,0
20200802,WA,1048,51,206,129,39,24,19,0,,,,,,,,,,,0
20200802,WI,675,211,0,27,10,0,0,0,,,,,,,,,,,0
20200802,WV,58,3,0,0,0,0,0,0,,,,,,,,,,,0
20200802,WY,12,0,2,0,12,0,0,0,,,,,,,,,,,0
20200805,AK,11,0,0,2,9,3,0,0,,,,,,,,,,,0
20200805,AL,862,682,0,4,0,0,0,0,,,,,,,,,,,0
20200805,AR,302,136,0,7,2,33,0,0,,,,,,,,,,,0
20200805,AS,0,0,0,0,0,0,0,0,,,,,,,,,,,0
20200805,AZ,1538,121,1106,48,472,0,0,0,,,,,,,,,,,0
20200805,CA,2803,787,4362,1156,37,50,50,0,,,,,,,,,,,0
20200805,CO,1080,115,388,55,12,5,23,0,,,,,,,,,,,0
20200805,CT,3252,656,383,48,2,0,34,0,,,,,,,,,,,0
20200805,DC,62,434,77,8,0,0,0,0,,,,,,,,,,,0
20200805,DE,362,150,40,1,0,0,0,0,,,,,,,,,,,0
20200805,FL,3554,1478,1929,0,0,0,0,0,,,,,,,,,,,0
20200805,GA,1824,1762,238,68,3,7,0,0,,,,,,,,,,,0
20200805,GU,0,0,0,0,0,0,0,0,,,,,,,,,,,0
20200805,HI,0,0,0,0,0,0,0,0,,,,,,,,,,,0
20200805,IA,722,41,0,25,5,11,0,0,,,,,,,,,,,0
20200805,ID,204,3,0,2,2,0,0,0,,,,,,,,,,,0
20200805,IL,3392,2067,1570,358,10,9,0,0,,,,,,,,,,,0
20200805,IN,1822,393,0,15,0,0,0,0,,,,,,,,,,,0
20200805,KS,263,66,0,9,3,0,0,0,,,,,,,,,,,0
20200805,KY,559,102,0,11,0,0,18,0,,,,,,,,,,,0
20200805,LA,1931,1960,0,29,4,5,0,0,,,,,,,,,,,0
20200805,MA,6515,713,603,220,0,0,0,0,,,,,,,,,,,0
20200805,MD,1506,1447,404,133,0,0,0,0,,,,,,,,,,,0
20200805,ME,111,4,0,0,0,0,0,0,,,,,,,,,,,0
20200805,MI,3375,2556,0,78,18,0,100,0,,,,,,,,,,,0
20200805,MN,1301,157,0,73,32,3,22,0,,,,,,,,,,,0
20200805,MO,751,419,0,0,0,0,8,0,,,,,,,,,,,0
20200805,MP,0,0,0,0,0,0,0,0,,,,,,,,,,,0
20200805,MS,760,890,27,1,79,0,0,0,,,,,,,,,,,0
20200805,MT,23,0,0,0,11,0,0,0,,,,,,,,,,,0
20200805,NC,1154,612,0,29,29,4,0,0,,,,,,,,,,,0
20200805,ND,0,0,0,0,0,0,0,0,,,,,,,,,,,0
20200805,NE,254,24,0,18,10,0,0,0,,,,,,,,,,,0
20200805,NH,387,9,11,4,0,0,0,0,,,,,,,,,,,0
20200805,NJ,8455,2815,3138,866,0,0,0,0,,,,,,,,,,,0
20200805,NM,98,4,59,1,236,0,0,0,,,,,,,,,,,0
20200805,NV,322,77,122,88,4,0,0,0,,,,,,,,,,,0
20200805,NY,8666,6381,6712,1693,0,0,0,0,,,,,,,,,,,0
20200805,OH,2776,682,0,39,2,1,45,0,,,,,,,,,,,0
20200805,OK,426,36,0,15,55,0,0,0,,,,,,,,,,,0
20200805,OR,229,9,0,16,6,6,3,0,,,,,,,,,,,0
20200805,PA,5163,1522,0,156,0,0,0,0,,,,,,,,,,,0
20200805,PR,0,0,0,0,0,0,0,0,,,,,,,,,,,0
20200805,RI,669,52,89,0,0,0,0,0,,,,,,,,,,,0
20200805,SC,845,693,0,16,0,0,0,0,,,,,,,,,,,0
20200805,SD,85,2,5,4,35,0,0,0,,,,,,,,,,,0
20200805,TN,661,384,0,15,4,2,0,0,,,,,,,,,,,0
20200805,TX,2467,971,3822,180,0,0,0,0,,,,,,,,,,,0
20200805,UT,168,6,73,17,29,17,0,0,,,,,,,,,,,0
20200805,VA,1231,561,244,126,2,0,1,0,,,,,,,,,,,0
20200805,VI,0,0,0,0,0,0,0,0,,,,,,,,,,,0
20200805,VT,54,0,0,2,0,0,0,0,,,,,,,,,,,0
20200805,WA,1073,52,211,129,39,24,19,0,,,,,,,,,,,0
20200805,WI,693,212,0,29,10,0,0,0,,,,,,,,,,,0
20200805,WV,58,3,0,0,0,0,0,0,,,,,,,,,,,0
20200805,WY,12,0,2,0,12,0,0,0,,,,,,,,,,,0
20200809,AK,11,0,0,2,9,4,0,0,,,,,,,,,,,0
20200809,AL,897,709,0,4,0,0,0,0,,,,,,,,,,,0
20200809,AR,319,147,0,8,2,35,0,0,,,,,,,,,,,0
20200809,AS,0,0,0,0,0,0,0,0,,,,,,,,,,,0
20200809,AZ,1631,127,1189,49,481,0,0,0,,,,,,,,,,,0
20200809,CA,2988,830,4692,1226,39,48,57,0,,,,,,,,,,,0
20200809,CO,1110,117,397,57,12,5,23,0,,,,,,,,,,,0
20200809,CT,3256,656,384,48,2,0,34,0,,,,,,,,,,,0
20200809,DC,63,437,77,8,0,0,0,0,,,,,,,,,,,0
20200809,DE,364,150,42,1,0,0,0,0,,,,,,,,,,,0
20200809,FL,3848,1585,2044,0,0,0,0,0,,,,,,,,,,,0
20200809,GA,1924,1855,256,69,4,7,0,0,,,,,,,,,,,0
20200809,GU,0,0,0,0,0,0,0,0,,,,,,,,,,,0
20200809,HI,0,0,0,0,0,0,0,0,,,,,,,,,,,0
20200809,IA,743,41,0,25,5,12,0,0,,,,,,,,,,,0
20200809,ID,217,3,0,2,2,0,0,0,,,,,,,,,,,0
20200809,IL,3425,2081,1579,362,10,9,0,0,,,,,,,,,,,0
20200809,IN,1838,398,0,16,0,0,0,0,,,,,,,,,,,0
20200809,KS,272,67,0,9,3,0,0,0,,,,,,,,,,,0
20200809,KY,578,105,0,10,0,0,18,0,,,,,,,,,,,0
20200809,LA,1931,1960,0,29,4,5,0,0,,,,,,,,,,,0
20200809,MA,6578,722,607,222,0,0,0,0,,,,,,,,,,,0
20200809,MD,1523,1465,408,135,0,0,0,0,,,,,,,,,,,0
20200809,ME,111,4,0,0,0,0,0,0,,,,,,,,,,,0
20200809,MI,3409,2563,0,79,18,0,99,0,,,,,,,,,,,0
20200809,MN,1321,162,0,74,32,3,22,0,,,,,,,,,,,0
20200809,MO,772,427,0,0,0,0,10,0,,,,,,,,,,,0
20200809,MP,0,0,0,0,0,0,0,0,,,,,,,,,,,0
20200809,MS,801,916,27,1,79,0,0,0,,,,,,,,,,,0
20200809,MT,23,0,0,0,11,0,0,0,,,,,,,,,,,0
20200809,NC,1207,651,0,29,30,4,0,0,,,,,,,,,,,0
20200809,ND,0,0,0,0,0,0,0,0,,,,,,,,,,,0
20200809,NE,261,24,0,18,10,0,0,0,,,,,,,,,,,0
20200809,NH,388,9,11,4,0,0,0,0,,,,,,,,,,,0
20200809,NJ,8455,2815,3138,866,0,0,0,0,,,,,,,,,,,0
20200809,NM,98,4,59,1,236,0,0,0,,,,,,,,,,,0
20200809,NV,338,82,128,91,5,0,0,0,,,,,,,,,,,0
20200809,NY,8675,6383,6721,1694,0,0,0,0,,,,,,,,,,,0
20200809,OH,2829,693,0,41,3,1,46,0,,,,,,,,,,,0
20200809,OK,438,38,0,15,59,0,0,0,,,,,,,,,,,0
20200809,OR,232,9,0,16,7,6,3,0,,,,,,,,,,,0
20200809,PA,5243,1545,0,158,0,0,0,0,,,,,,,,,,,0
20200809,PR,0,0,0,0,0,0,0,0,,,,,,,,,,,0
20200809,RI,669,52,89,0,0,0,0,0,,,,,,,,,,,0
20200809,SC,919,721,0,18,0,0,0,0,,,,,,,,,,,0
20200809,SD,86,2,5,5,35,0,0,0,,,,,,,,,,,0
20200809,TN,712,406,0,15,4,2,0,0,,,,,,,,,,,0
20200809,TX,2735,1086,4386,190,0,0,0,0,,,,,,,,,,,0
20200809,UT,172,6,77,18,29,17,0,0,,,,,,,,,,,0
20200809,VA,1258,575,252,126,2,0,2,0,,,,,,,,,,,0
20200809,VI,0,0,0,0,0,0,0,0,,,,,,,,,,,0
20200809,VT,54,0,0,2,0,0,0,0,,,,,,,,,,,0
20200809,WA,1118,57,217,132,39,26,18,0,,,,,,,,,,,0
20200809,WI,715,214,0,30,10,0,0,0,,,,,,,,,,,0
20200809,WV,58,3,0,0,0,0,0,0,,,,,,,,,,,0
20200809,WY,12,0,2,0,13,0,0,0,,,,,,,,,,,0
20200812,AK,11,0,0,2,10,4,0,0,,,,,,,,,,,0
20200812,AL,958,744,0,4,0,0,0,0,,,,,,,,,,,0
20200812,AR,336,150,0,8,3,35,0,0,,,,,,,,,,,0
20200812,AS,0,0,0,0,0,0,0,0,,,,,,,,,,,0
20200812,AZ,1717,135,1259,49,488,0,0,0,,,,,,,,,,,0
20200812,CA,3075,850,4845,1252,41,48,60,0,,,,,,,,,,,0
20200812,CO,1105,117,397,56,12,5,23,0,,,,,,,,,,,0
20200812,CT,3258,657,390,48,2,0,34,0,,,,,,,,,,,0
20200812,DC,63,439,77,8,0,0,0,0,,,,,,,,,,,0
20200812,DE,364,151,42,1,0,0,0,0,,,,,,,,,,,0
20200812,FL,4157,1689,2158,0,0,0,0,0,,,,,,,,,,,0
20200812,GA,2069,1960,279,76,4,5,0,0,,,,,,,,,,,0
20200812,GU,0,0,0,0,0,0,0,0,,,,,,,,,,,0
20200812,HI,0,0,0,0,0,0,0,0,,,,,,,,,,,0
20200812,IA,766,42,0,24,4,12,0,0,,,,,,,,,,,0
20200812,ID,234,3,0,2,2,0,0,0,,,,,,,,,,,0
20200812,IL,3452,2084,1583,363,10,9,0,0,,,,,,,,,,,0
20200812,IN,1869,408,0,16,0,0,0,0,,,,,,,,,,,0
20200812,KS,284,68,0,9,3,0,0,0,,,,,,,,,,,0
20200812,KY,593,104,0,10,0,0,19,0,,,,,,,,,,,0
20200812,LA,2081,2054,0,28,4,6,0,0,,,,,,,,,,,0
20200812,MA,6608,724,608,223,0,0,0,0,,,,,,,,,,,0
20200812,MD,1533,1478,415,135,0,0,0,0,,,,,,,,,,,0
20200812,ME,113,4,0,0,0,0,0,0,,,,,,,,,,,0
20200812,MI,3426,2566,0,79,19,0,98,0,,,,,,,,,,,0
20200812,MN,1335,166,0,74,32,3,22,0,,,,,,,,,,,0
20200812,MO,784,431,0,0,0,0,10,0,,,,,,,,,,,0
20200812,MP,0,0,0,0,0,0,0,0,,,,,,,,,,,0
20200812,MS,846,939,27,1,80,0,0,0,,,,,,,,,,,0
20200812,MT,35,0,0,0,18,0,0,0,,,,,,,,,,,0
20200812,NC,1242,677,0,30,32,4,0,0,,,,,,,,,,,0
20200812,ND,0,0,0,0,0,0,0,0,,,,,,,,,,,0
20200812,NE,271,25,0,18,10,0,0,0,,,,,,,,,,,0
20200812,NH,389,9,11,4,0,0,0,0,,,,,,,,,,,0
20200812,NJ,8455,2815,3138,866,0,0,0,0,,,,,,,,,,,0
20200812,NM,165,6,132,2,380,0,0,0,,,,,,,,,,,0
20200812,NV,348,82,132,94,5,0,0,0,,,,,,,,,,,0
20200812,NY,8683,6388,6728,1698,0,0,0,0,,,,,,,,,,,0
20200812,OH,2877,705,0,42,2,1,48,0,,,,,,,,,,,0
20200812,OK,455,39,0,15,61,0,0,0,,,,,,,,,,,0
20200812,OR,249,9,0,17,7,6,4,0,,,,,,,,,,,0
20200812,PA,5243,1545,0,158,0,0,0,0,,,,,,,,,,,0
20200812,PR,0,0,0,0,0,0,0,0,,,,,,,,,,,0
20200812,RI,673,52,92,0,0,0,0,0,,,,,,,,,,,0
20200812,SC,980,769,0,19,0,0,0,0,,,,,,,,,,,0
20200812,SD,86,2,5,5,36,0,0,0,,,,,,,,,,,0
20200812,TN,758,419,0,16,4,2,0,0,,,,,,,,,,,0
20200812,TX,2878,1149,4739,204,0,0,0,0,,,,,,,,,,,0
20200812,UT,179,6,79,20,29,19,0,0,,,,,,,,,,,0
20200812,VA,1277,578,254,126,2,0,2,0,,,,,,,,,,,0
20200812,VI,0,0,0,0,0,0,0,0,,,,,,,,,,,0
20200812,VT,54,0,0,2,0,0,0,0,,,,,,,,,,,0
20200812,WA,1139,58,232,134,39,28,20,0,,,,,,,,,,,0
20200812,WI,728,214,0,30,11,0,0,0,,,,,,,,,,,0
20200812,WV,58,3,0,0,0,0,0,0,,,,,,,,,,,0
20200812,WY,13,0,2,0,13,0,0,0,,,,,,,,,,,0
20200816,AK,12,0,0,2,10,4,0,0,,,,,,,,,,,0
20200816,AL,958,744,0,4,0,0,0,0,,,,,,,,,,,0
20200816,AR,359,158,0,9,3,35,0,0,,,,,,,,,,,0
20200816,AS,0,0,0,0,0,0,0,0,,,,,,,,,,,0
20200816,AZ,1788,140,1327,51,497,0,0,0,,,,,,,,,,,0
20200816,CA,3204,872,5098,1298,40,55,63,0,,,,,,,,,,,0
20200816,CO,1109,117,401,56,13,5,23,0,,,,,,,,,,,0
20200816,CT,3260,658,390,48,2,0,34,0,,,,,,,,,,,0
20200816,DC,63,443,77,8,0,0,0,0,,,,,,,,,,,0
20200816,DE,364,151,43,1,0,0,0,0,,,,,,,,,,,0
20200816,FL,4486,1820,2332,0,0,0,0,0,,,,,,,,,,,0
20200816,GA,2185,2059,295,78,4,6,0,0,,,,,,,,,,,0
20200816,GU,0,0,0,0,0,0,0,0,,,,,,,,,,,0
20200816,HI,0,0,0,0,0,0,0,0,,,,,,,,,,,0
20200816,IA,787,42,0,24,4,11,0,0,,,,,,,,,,,0
20200816,ID,249,3,0,2,2,0,0,0,,,,,,,,,,,0
20200816,IL,3489,2098,1595,366,10,9,0,0,,,,,,,,,,,0
20200816,IN,1900,409,0,16,0,0,0,0,,,,,,,,,,,0
20200816,KS,289,68,0,10,3,0,0,0,,,,,,,,,,,0
20200816,KY,609,108,0,11,0,0,19,0,,,,,,,,,,,0
20200816,LA,2081,2054,0,28,4,6,0,0,,,,,,,,,,,0
20200816,MA,6664,731,614,225,0,0,0,0,,,,,,,,,,,0
20200816,MD,1547,1493,418,136,0,0,0,0,,,,,,,,,,,0
20200816,ME,113,4,0,0,0,0,0,0,,,,,,,,,,,0
20200816,MI,3467,2575,0,79,19,0,96,0,,,,,,,,,,,0
20200816,MN,1358,167,0,74,32,3,22,0,,,,,,,,,,,0
20200816,MO,817,437,0,0,0,0,10,0,,,,,,,,,,,0
20200816,MP,0,0,0,0,0,0,0,0,,,,,,,,,,,0
20200816,MS,898,1008,32,1,82,0,0,0,,,,,,,,,,,0
20200816,MT,35,0,0,0,18,0,0,0,,,,,,,,,,,0
20200816,NC,1301,698,0,31,32,4,0,0,,,,,,,,,,,0
20200816,ND,0,0,0,0,0,0,0,0,,,,,,,,,,,0
20200816,NE,278,26,0,18,10,0,0,0,,,,,,,,,,,0
20200816,NH,390,9,11,4,0,0,0,0,,,,,,,,,,,0
20200816,NJ,8474,2821,3140,868,0,0,0,0,,,,,,,,,,,0
20200816,NM,165,6,132,2,380,0,0,0,,,,,,,,,,,0
20200816,NV,361,86,142,95,5,0,0,0,,,,,,,,,,,0
20200816,NY,8698,6399,6734,1700,0,0,0,0,,,,,,,,,,,0
20200816,OH,2944,729,0,42,2,1,49,0,,,,,,,,,,,0
20200816,OK,482,40,0,15,63,0,0,0,,,,,,,,,,,0
20200816,OR,256,9,0,17,7,6,4,0,,,,,,,,,,,0
20200816,PA,5357,1572,0,159,0,0,0,0,,,,,,,,,,,0
20200816,PR,0,0,0,0,0,0,0,0,,,,,,,,,,,0
20200816,RI,673,52,92,0,0,0,0,0,,,,,,,,,,,0
20200816,SC,1054,790,0,20,0,0,0,0,,,,,,,,,,,0
20200816,SD,90,2,5,5,37,0,0,0,,,,,,,,,,,0
20200816,TN,810,436,0,15,4,2,0,0,,,,,,,,,,,0
20200816,TX,3130,1235,5324,225,0,0,0,0,,,,,,,,,,,0
20200816,UT,184,7,82,20,30,19,0,0,,,,,,,,,,,0
20200816,VA,1292,586,260,126,2,0,2,0,,,,,,,,,,,0
20200816,VI,0,0,0,0,0,0,0,0,,,,,,,,,,,0
20200816,VT,54,0,0,2,0,0,0,0,,,,,,,,,,,0
20200816,WA,1178,58,244,137,40,29,20,0,,,,,,,,,,,0
20200816,WI,755,214,0,30,11,0,0,0,,,,,,,,,,,0
20200816,WV,58,3,0,0,0,0,0,0,,,,,,,,,,,0
20200816,WY,14,0,2,0,13,0,0,0,,,,,,,,,,,0
20200819,AK,12,0,0,2,10,4,0,0,,,,,,,,,,,0
20200819,AL,995,769,0,4,0,0,0,0,,,,,,,,,,,0
20200819,AR,383,163,0,9,3,36,0,0,,,,,,,,,,,0
20200819,AS,0,0,0,0,0,0,0,0,,,,,,,,,,,0
20200819,AZ,1845,142,1378,51,506,0,0,0,,,,,,,,,,,0
20200819,CA,3316,892,5305,1335,40,53,69,0,,,,,,,,,,,0
20200819,CO,1130,119,409,57,13,5,23,0,,,,,,,,,,,0
20200819,CT,3263,658,391,48,2,0,34,0,,,,,,,,,,,0
20200819,DC,63,446,77,8,0,0,0,0,,,,,,,,,,,0
20200819,DE,364,153,43,1,0,0,0,0,,,,,,,,,,,0
20200819,FL,4717,1906,2445,0,0,0,0,0,,,,,,,,,,,0
20200819,GA,2258,2103,304,82,4,7,0,0,,,,,,,,,,,0
20200819,GU,0,0,0,0,0,0,0,0,,,,,,,,,,,0
20200819,HI,0,0,0,0,0,0,0,0,,,,,,,,,,,0
20200819,IA,820,41,0,25,5,12,0,0,,,,,,,,,,,0
20200819,ID,275,4,0,2,2,0,0,0,,,,,,,,,,,0
20200819,IL,3529,2106,1600,367,11,9,0,0,,,,,,,,,,,0
20200819,IN,1927,416,0,17,0,0,0,0,,,,,,,,,,,0
20200819,KS,296,69,0,11,3,0,0,0,,,,,,,,,,,0
20200819,KY,634,110,0,11,0,0,20,0,,,,,,,,,,,0
20200819,LA,2249,2143,0,31,4,7,0,0,,,,,,,,,,,0
20200819,MA,6693,734,613,226,0,0,0,0,,,,,,,,,,,0
20200819,MD,1557,1496,422,136,0,0,0,0,,,,,,,,,,,0
20200819,ME,114,4,0,0,0,0,0,0,,,,,,,,,,,0
20200819,MI,3482,2583,0,79,19,0,97,0,,,,,,,,,,,0
20200819,MN,1384,170,0,74,32,3,22,0,,,,,,,,,,,0
20200819,MO,846,449,0,0,0,0,12,0,,,,,,,,,,,0
20200819,MP,0,0,0,0,0,0,0,0,,,,,,,,,,,0
20200819,MS,949,1035,33,1,83,0,0,0,,,,,,,,,,,0
20200819,MT,35,0,0,0,18,0,0,0,,,,,,,,,,,0
20200819,NC,1356,718,0,31,32,4,0,0,,,,,,,,,,,0
20200819,ND,0,0,0,0,0,0,0,0,,,,,,,,,,,0
20200819,NE,287,27,0,18,10,0,0,0,,,,,,,,,,,0
20200819,NH,394,9,11,4,0,0,0,0,,,,,,,,,,,0
20200819,NJ,8474,2821,3140,868,0,0,0,0,,,,,,,,,,,0
20200819,NM,165,6,132,2,380,0,0,0,,,,,,,,,,,0
20200819,NV,393,94,166,98,7,0,0,0,,,,,,,,,,,0
20200819,NY,8709,6402,6739,1701,0,0,0,0,,,,,,,,,,,0
20200819,OH,3009,737,0,42,2,1,52,0,,,,,,,,,,,0
20200819,OK,509,42,0,16,65,0,0,0,,,,,,,,,,,0
20200819,OR,271,9,0,18,9,6,4,0,,,,,,,,,,,0
20200819,PA,5357,1572,0,159,0,0,0,0,,,,,,,,,,,0
20200819,PR,0,0,0,0,0,0,0,0,,,,,,,,,,,0
20200819,RI,678,53,93,0,0,0,0,0,,,,,,,,,,,0
20200819,SC,1112,834,0,21,0,0,0,0,,,,,,,,,,,0
20200819,SD,92,2,5,5,37,0,0,0,,,,,,,,,,,0
20200819,TN,873,449,0,15,4,2,0,0,,,,,,,,,,,0
20200819,TX,3275,1281,5700,233,0,0,0,0,,,,,,,,,,,0
20200819,UT,192,7,86,20,30,20,0,0,,,,,,,,,,,0
20200819,VA,1308,597,260,126,2,0,2,0,,,,,,,,,,,0
20200819,VI,0,0,0,0,0,0,0,0,,,,,,,,,,,0
20200819,VT,55,0,0,2,0,0,0,0,,,,,,,,,,,0
20200819,WA,1207,57,254,138,45,29,21,0,,,,,,,,,,,0
20200819,WI,770,218,0,30,12,0,0,0,,,,,,,,,,,0
20200819,WV,58,3,0,0,0,0,0,0,,,,,,,,,,,0
20200819,WY,15,0,2,0,14,0,0,0,,,,,,,,,,,0
20200823,AK,13,0,0,2,10,4,0,0,,,,,,,,,,,0
20200823,AL,1034,792,0,5,0,0,0,0,,,,,,,,,,,0
20200823,AR,424,171,0,9,3,38,0,0,,,,,,,,,,,0
20200823,AS,0,0,0,0,0,0,0,0,,,,,,,,,,,0
20200823,AZ,1845,146,1427,52,522,0,0,0,,,,,,,,,,,0
20200823,CA,3466,935,5653,1394,37,53,74,0,,,,,,,,,,,0
20200823,CO,1136,119,414,57,13,5,25,0,,,,,,,,,,,0
20200823,CT,3263,659,393,48,2,0,34,0,,,,,,,,,,,0
20200823,DC,64,449,77,8,0,0,0,0,,,,,,,,,,,0
20200823,DE,365,155,45,1,0,0,0,0,,,,,,,,,,,0
20200823,FL,4923,1979,2543,0,0,0,0,0,,,,,,,,,,,0
20200823,GA,2433,2206,319,91,4,7,0,0,,,,,,,,,,,0
20200823,GU,0,0,0,0,0,0,0,0,,,,,,,,,,,0
20200823,HI,0,0,0,0,0,0,0,0,,,,,,,,,,,0
20200823,IA,842,41,0,24,4,12,0,0,,,,,,,,,,,0
20200823,ID,288,4,0,2,2,0,0,0,,,,,,,,,,,0
20200823,IL,3579,2118,1613,368,11,9,0,0,,,,,,,,,,,0
20200823,IN,1945,418,0,17,0,0,0,0,,,,,,,,,,,0
20200823,KS,303,69,0,11,3,0,0,0,,,,,,,,,,,0
20200823,KY,667,112,0,11,0,0,20,0,,,,,,,,,,,0
20200823,LA,2249,2143,0,31,4,7,0,0,,,,,,,,,,,0
20200823,MA,6728,737,615,226,0,0,0,0,,,,,,,,,,,0
20200823,MD,1572,1508,422,137,0,0,0,0,,,,,,,,,,,0
20200823,ME,114,4,0,0,0,0,0,0,,,,,,,,,,,0
20200823,MI,3508,2591,0,81,19,0,100,0,,,,,,,,,,,0
20200823,MN,1364,173,0,77,32,2,10,0,,,,,,,,,,,0
20200823,MO,855,452,0,0,0,0,12,0,,,,,,,,,,,0
20200823,MP,0,0,0,0,0,0,0,0,,,,,,,,,,,0
20200823,MS,988,1067,33,3,83,0,0,0,,,,,,,,,,,0
20200823,MT,35,0,0,0,18,0,0,0,,,,,,,,,,,0
20200823,NC,1414,745,0,32,32,4,0,0,,,,,,,,,,,0
20200823,ND,0,0,0,0,0,0,0,0,,,,,,,,,,,0
20200823,NE,294,27,0,18,10,0,0,0,,,,,,,,,,,0
20200823,NH,395,9,11,4,0,0,0,0,,,,,,,,,,,0
20200823,NJ,8495,2829,3152,870,0,0,0,0,,,,,,,,,,,0
20200823,NM,165,6,132,2,380,0,0,0,,,,,,,,,,,0
20200823,NV,413,94,178,101,8,0,0,0,,,,,,,,,,,0
20200823,NY,8718,6413,6741,1701,0,0,0,0,,,,,,,,,,,0
20200823,OH,3066,748,0,42,2,1,53,0,,,,,,,,,,,0
20200823,OK,529,44,0,17,65,0,0,0,,,,,,,,,,,0
20200823,OR,276,9,0,18,9,6,4,0,,,,,,,,,,,0
20200823,PA,5440,1593,0,162,0,0,0,0,,,,,,,,,,,0
20200823,PR,0,0,0,0,0,0,0,0,,,,,,,,,,,0
20200823,RI,678,53,93,0,0,0,0,0,,,,,,,,,,,0
20200823,SC,1170,877,0,22,0,0,0,0,,,,,,,,,,,0
20200823,SD,98,2,5,5,37,0,0,0,,,,,,,,,,,0
20200823,TN,946,478,0,15,4,2,0,0,,,,,,,,,,,0
20200823,TX,3499,1355,6201,243,0,0,0,0,,,,,,,,,,,0
20200823,UT,196,7,86,21,31,21,0,0,,,,,,,,,,,0
20200823,VA,1332,614,262,126,3,0,3,0,,,,,,,,,,,0
20200823,VI,0,0,0,0,0,0,0,0,,,,,,,,,,,0
20200823,VT,55,0,0,2,0,0,0,0,,,,,,,,,,,0
20200823,WA,1239,60,255,140,47,31,21,0,,,,,,,,,,,0
20200823,WI,788,221,0,30,13,0,0,0,,,,,,,,,,,0
20200823,WV,58,3,0,0,0,0,0,0,,,,,,,,,,,0
20200823,WY,15,1,2,0,14,0,0,0,,,,,,,,,,,0
20200826,AK,15,0,0,3,13,5,0,0,,,,,,,,,,,0
20200826,AL,1043,799,0,6,0,0,0,0,,,,,,,,,,,0
20200826,AR,456,178,0,10,3,39,0,0,,,,,,,,,,,0
20200826,AS,0,0,0,0,0,0,0,0,,,,,,,,,,,0
20200826,AZ,1845,149,1479,55,531,0,0,0,,,,,,,,,,,0
20200826,CA,3549,945,5786,1421,38,54,76,0,,,,,,,,,,,0
20200826,CO,1150,120,420,58,13,5,25,0,,,,,,,,,,,0
20200826,CT,3265,658,395,48,48,0,34,0,,,,,,,,,,,0
20200826,DC,64,450,77,8,0,0,0,0,,,,,,,,,,,0
20200826,DE,369,155,44,1,0,0,0,0,,,,,,,,,,,0
20200826,FL,5142,2044,2643,0,0,0,0,0,,,,,,,,,,,0
20200826,GA,2523,2283,323,98,5,7,0,0,,,,,,,,,,,0
20200826,GU,0,0,0,0,0,0,0,0,,,,,,,,,,,0
20200826,HI,0,0,0,0,0,0,0,0,,,,,,,,,,,0
20200826,IA,872,41,0,24,5,11,0,0,,,,,,,,,,,0
20200826,ID,319,4,0,2,2,0,0,0,,,,,,,,,,,0
20200826,IL,3628,2132,1622,369,11,9,0,0,,,,,,,,,,,0
20200826,IN,1962,424,0,17,0,0,0,0,,,,,,,,,,,0
20200826,KS,313,70,0,11,4,0,0,0,,,,,,,,,,,0
20200826,KY,683,112,0,10,0,0,20,0,,,,,,,,,,,0
20200826,LA,2383,2226,0,31,4,6,0,0,,,,,,,,,,,0
20200826,MA,6780,741,620,227,0,0,0,0,,,,,,,,,,,0
20200826,MD,1580,1518,423,138,0,0,0,0,,,,,,,,,,,0
20200826,ME,117,4,0,0,0,0,0,0,,,,,,,,,,,0
20200826,MI,3532,2593,0,82,19,0,103,0,,,,,,,,,,,0
20200826,MN,1384,174,0,78,33,2,10,0,,,,,,,,,,,0
20200826,MO,870,459,0,0,0,0,13,0,,,,,,,,,,,0
20200826,MP,0,0,0,0,0,0,0,0,,,,,,,,,,,0
20200826,MS,1056,1125,34,4,84,0,0,0,,,,,,,,,,,0
20200826,MT,54,0,0,0,25,0,0,0,,,,,,,,,,,0
20200826,NC,1457,765,0,33,34,4,0,0,,,,,,,,,,,0
20200826,ND,0,0,0,0,0,0,0,0,,,,,,,,,,,0
20200826,NE,298,27,0,18,10,0,0,0,,,,,,,,,,,0
20200826,NH,395,9,12,4,0,0,0,0,,,,,,,,,,,0
20200826,NJ,8495,2829,3152,870,0,0,0,0,,,,,,,,,,,0
20200826,NM,173,7,159,2,404,0,0,0,,,,,,,,,,,0
20200826,NV,426,100,185,104,8,0,0,0,,,,,,,,,,,0
20200826,NY,8723,6418,6746,1702,0,0,0,0,,,,,,,,,,,0
20200826,OH,3140,764,0,42,2,1,52,0,,,,,,,,,,,0
20200826,OK,556,46,0,19,69,0,0,0,,,,,,,,,,,0
20200826,OR,290,10,0,18,10,7,5,0,,,,,,,,,,,0
20200826,PA,5440,1593,0,162,0,0,0,0,,,,,,,,,,,0
20200826,PR,0,0,0,0,0,0,0,0,,,,,,,,,,,0
20200826,RI,685,53,96,0,0,0,0,0,,,,,,,,,,,0
20200826,SC,1206,904,0,23,0,0,0,0,,,,,,,,,,,0
20200826,SD,99,2,5,5,37,0,0,0,,,,,,,,,,,0
20200826,TN,1004,496,0,15,4,2,0,0,,,,,,,,,,,0
20200826,TX,3614,1406,6464,248,0,0,0,0,,,,,,,,,,,0
20200826,UT,204,7,88,22,33,21,0,0,,,,,,,,,,,0
20200826,VA,1352,633,266,126,4,0,3,0,,,,,,,,,,,0
20200826,VI,0,0,0,0,0,0,0,0,,,,,,,,,,,0
20200826,VT,55,0,0,2,0,0,0,0,,,,,,,,,,,0
20200826,WA,1253,61,261,143,47,30,22,0,,,,,,,,,,,0
20200826,WI,802,223,0,31,13,0,0,0,,,,,,,,,,,0
20200826,WV,58,3,0,0,0,0,0,0,,,,,,,,,,,0
20200826,WY,15,1,2,0,14,0,0,0,,,,,,,,,,,0
20200830,AK,15,0,0,3,13,5,0,0,,,,,,,,,,,0
20200830,AL,1101,837,0,6,0,0,0,0,,,,,,,,,,,0
20200830,AR,495,189,0,11,3,39,0,0,,,,,,,,,,,0
20200830,AS,0,0,0,0,0,0,0,0,,,,,,,,,,,0
20200830,AZ,1845,157,1514,56,541,0,0,0,,,,,,,,,,,0
20200830,CA,3702,975,6076,1486,40,53,77,0,,,,,,,,,,,0
20200830,CO,1156,120,421,58,13,5,25,0,,,,,,,,,,,0
20200830,CT,3263,659,396,48,2,0,35,0,,,,,,,,,,,0
20200830,DC,64,451,77,8,0,0,0,0,,,,,,,,,,,0
20200830,DE,369,155,44,1,0,0,0,0,,,,,,,,,,,0
20200830,FL,5337,2101,2736,0,0,0,0,0,,,,,,,,,,,0
20200830,GA,2679,2373,337,101,6,7,0,0,,,,,,,,,,,0
20200830,GU,0,0,0,0,0,0,0,0,,,,,,,,,,,0
20200830,HI,0,0,0,0,0,0,0,0,,,,,,,,,,,0
20200830,IA,908,41,0,25,5,12,0,0,,,,,,,,,,,0
20200830,ID,337,4,0,2,2,0,0,0,,,,,,,,,,,0
20200830,IL,3672,2146,1625,371,11,9,0,0,,,,,,,,,,,0
20200830,IN,1980,426,0,17,0,0,0,0,,,,,,,,,,,0
20200830,KS,318,70,0,11,4,0,0,0,,,,,,,,,,,0
20200830,KY,703,116,0,10,0,0,20,0,,,,,,,,,,,0
20200830,LA,2383,2226,0,31,4,6,0,0,,,,,,,,,,,0
20200830,MA,6824,747,625,228,0,0,0,0,,,,,,,,,,,0
20200830,MD,1593,1541,429,139,0,0,0,0,,,,,,,,,,,0
20200830,ME,117,4,0,0,0,0,0,0,,,,,,,,,,,0
20200830,MI,3602,2612,0,86,20,0,103,0,,,,,,,,,,,0
20200830,MN,1399,179,0,83,33,2,11,0,,,,,,,,,,,0
20200830,MO,885,459,0,0,0,0,13,0,,,,,,,,,,,0
20200830,MP,0,0,0,0,0,0,0,0,,,,,,,,,,,0
20200830,MS,1083,1150,35,4,84,0,0,0,,,,,,,,,,,0
20200830,MT,54,0,0,0,25,0,0,0,,,,,,,,,,,0
20200830,NC,1510,785,0,33,35,4,0,0,,,,,,,,,,,0
20200830,ND,0,0,0,0,0,0,0,0,,,,,,,,,,,0
20200830,NE,306,28,0,18,10,0,0,0,,,,,,,,,,,0
20200830,NH,396,9,12,4,0,0,0,0,,,,,,,,,,,0
20200830,NJ,8508,2826,3147,867,0,0,0,0,,,,,,,,,,,0
20200830,NM,173,7,159,2,404,0,0,0,,,,,,,,,,,0
20200830,NV,441,103,193,105,8,0,0,0,,,,,,,,,,,0
20200830,NY,8735,6422,6749,1707,0,0,0,0,,,,,,,,,,,0
20200830,OH,3200,771,0,42,3,1,55,0,,,,,,,,,,,0
20200830,OK,581,48,0,19,74,0,0,0,,,,,,,,,,,0
20200830,OR,296,11,0,18,10,7,5,0,,,,,,,,,,,0
20200830,PA,5520,1608,0,162,0,0,0,0,,,,,,,,,,,0
20200830,PR,0,0,0,0,0,0,0,0,,,,,,,,,,,0
20200830,RI,685,53,96,0,0,0,0,0,,,,,,,,,,,0
20200830,SC,1267,968,0,18,0,0,0,0,,,,,,,,,,,0
20200830,SD,101,2,5,5,39,0,0,0,,,,,,,,,,,0
20200830,TN,1093,527,0,16,4,2,0,0,,,,,,,,,,,0
20200830,TX,3800,1462,6917,254,0,0,0,0,,,,,,,,,,,0
20200830,UT,207,7,91,22,33,21,0,0,,,,,,,,,,,0
20200830,VA,1376,654,274,128,5,0,3,0,,,,,,,,,,,0
20200830,VI,0,0,0,0,0,0,0,0,,,,,,,,,,,0
20200830,VT,55,0,0,2,0,0,0,0,,,,,,,,,,,0
20200830,WA,1264,63,265,144,48,30,22,0,,,,,,,,,,,0
20200830,WI,820,224,0,31,13,0,0,0,,,,,,,,,,,0
20200830,WV,58,3,0,0,0,0,0,0,,,,,,,,,,,0
20200830,WY,15,1,2,0,14,0,0,0,,,,,,,,,,,0
20200902,AK,16,0,0,3,14,5,0,0,,,,,,,,,,,0
20200902,AL,1130,849,0,7,0,0,0,0,,,,,,,,,,,0
20200902,AR,526,200,0,11,3,46,0,0,,,,,,,,,,,0
20200902,AS,0,0,0,0,0,0,0,0,,,,,,,,,,,0
20200902,AZ,1845,156,1526,57,542,0,0,0,,,,,,,,,,,0
20200902,CA,3773,996,6206,1504,41,56,77,0,,,,,,,,,,,0
20200902,CO,1164,120,423,58,13,5,25,0,,,,,,,,,,,0
20200902,CT,3265,659,396,48,2,0,35,0,,,,,,,,,,,0
20200902,DC,64,453,77,8,0,0,0,0,,,,,,,,,,,0
20200902,DE,371,155,44,1,0,0,0,0,,,,,,,,,,,0
20200902,FL,5500,2155,2866,0,0,0,0,0,,,,,,,,,,,0
20200902,GA,2798,2471,354,102,5,8,0,0,,,,,,,,,,,0
20200902,GU,0,0,0,0,0,0,0,0,,,,,,,,,,,0
20200902,HI,0,0,0,0,0,0,0,0,,,,,,,,,,,0
20200902,IA,920,41,0,24,4,12,0,0,,,,,,,,,,,0
20200902,ID,356,4,0,2,2,0,0,0,,,,,,,,,,,0
20200902,IL,3716,2155,1636,371,12,9,0,0,,,,,,,,,,,0
20200902,IN,2025,431,0,17,0,0,0,0,,,,,,,,,,,0
20200902,KS,328,71,0,12,4,0,0,0,,,,,,,,,,,0
20200902,KY,736,116,0,10,0,0,20,0,,,,,,,,,,,0
20200902,LA,2481,2282,0,32,4,6,0,0,,,,,,,,,,,0
20200902,MA,6831,744,628,229,0,0,0,0,,,,,,,,,,,0
20200902,MD,1600,1543,433,139,0,0,0,0,,,,,,,,,,,0
20200902,ME,117,4,0,0,0,0,0,0,,,,,,,,,,,0
20200902,MI,3628,2616,0,86,20,0,104,0,,,,,,,,,,,0
20200902,MN,1413,179,0,84,34,2,11,0,,,,,,,,,,,0
20200902,MO,895,459,0,0,0,0,13,0,,,,,,,,,,,0
20200902,MP,0,0,0,0,0,0,0,0,,,,,,,,,,,0
20200902,MS,1138,1187,35,4,84,0,0,0,,,,,,,,,,,0
20200902,MT,54,0,0,0,25,0,0,0,,,,,,,,,,,0
20200902,NC,1566,812,0,34,36,4,0,0,,,,,,,,,,,0
20200902,ND,0,0,0,0,0,0,0,0,,,,,,,,,,,0
20200902,NE,313,29,0,18,10,0,0,0,,,,,,,,,,,0
20200902,NH,396,9,12,4,0,0,0,0,,,,,,,,,,,0
20200902,NJ,8508,2826,3147,867,0,0,0,0,,,,,,,,,,,0
20200902,NM,173,7,159,2,404,0,0,0,,,,,,,,,,,0
20200902,NV,448,104,197,105,8,0,0,0,,,,,,,,,,,0
20200902,NY,8741,6429,6759,1707,0,0,0,0,,,,,,,,,,,0
20200902,OH,3235,778,0,42,3,1,55,0,,,,,,,,,,,0
20200902,OK,596,49,0,20,78,0,0,0,,,,,,,,,,,0
20200902,OR,309,11,0,18,10,7,7,0,,,,,,,,,,,0
20200902,PA,5520,1608,0,162,0,0,0,0,,,,,,,,,,,0
20200902,PR,0,0,0,0,0,0,0,0,,,,,,,,,,,0
20200902,RI,685,53,96,0,0,0,0,0,,,,,,,,,,,0
20200902,SC,1315,991,0,18,0,0,0,0,,,,,,,,,,,0
20200902,SD,103,2,5,5,39,0,0,0,,,,,,,,,,,0
20200902,TN,1128,539,0,17,4,2,0,0,,,,,,,,,,,0
20200902,TX,3913,1493,7129,257,0,0,0,0,,,,,,,,,,,0
20200902,UT,209,7,91,22,33,23,0,0,,,,,,,,,,,0
20200902,VA,1420,678,279,130,5,0,3,0,,,,,,,,,,,0
20200902,VI,0,0,0,0,0,0,0,0,,,,,,,,,,,0
20200902,VT,55,0,0,2,0,0,0,0,,,,,,,,,,,0
20200902,WA,1284,64,269,145,51,30,22,0,,,,,,,,,,,0
20200902,WI,836,226,0,31,13,0,0,0,,,,,,,,,,,0
20200902,WV,58,3,0,0,0,0,0,0,,,,,,,,,,,0
20200902,WY,17,1,2,0,15,0,0,0,,,,,,,,,,,0
20200906,AK,18,0,0,3,14,5,0,0,,,,,,,,,,,0
20200906,AL,1159,859,0,7,0,0,0,0,,,,,,,,,,,0
20200906,AR,557,205,0,11,3,46,0,0,,,,,,,,,,,0
20200906,AS,0,0,0,0,0,0,0,0,,,,,,,,,,,0
20200906,AZ,1845,162,1585,59,549,0,0,0,,,,,,,,,,,0
20200906,CA,3954,1038,6488,1572,39,59,87,0,,,,,,,,,,,0
20200906,CO,1169,120,431,58,13,5,25,0,,,,,,,,,,,0
20200906,CT,3266,659,396,48,2,0,35,0,,,,,,,,,,,0
20200906,DC,64,456,77,8,0,0,0,0,,,,,,,,,,,0
20200906,DE,377,157,46,1,0,0,0,0,,,,,,,,,,,0
20200906,FL,5665,2207,2960,0,0,0,0,0,,,,,,,,,,,0
20200906,GA,2920,2558,367,106,5,9,0,0,,,,,,,,,,,0
20200906,GU,0,0,0,0,0,0,0,0,,,,,,,,,,,0
20200906,HI,0,0,0,0,0,0,0,0,,,,,,,,,,,0
20200906,IA,952,41,0,24,5,12,0,0,,,,,,,,,,,0
20200906,ID,363,4,0,2,2,0,0,0,,,,,,,,,,,0
20200906,IL,3780,2163,1648,372,12,9,0,0,,,,,,,,,,,0
20200906,IN,2048,432,0,17,0,0,0,0,,,,,,,,,,,0
20200906,KS,342,75,0,13,4,0,0,0,,,,,,,,,,,0
20200906,KY,760,117,0,11,0,0,21,0,,,,,,,,,,,0
20200906,LA,2481,2282,0,32,4,6,0,0,,,,,,,,,,,0
20200906,MA,6887,746,637,229,0,0,0,0,,,,,,,,,,,0
20200906,MD,1617,1553,435,142,0,0,0,0,,,,,,,,,,,0
20200906,ME,119,4,0,0,0,0,0,0,,,,,,,,,,,0
20200906,MI,3649,2619,0,86,20,0,105,0,,,,,,,,,,,0
20200906,MN,1435,181,0,86,35,2,11,0,,,,,,,,,,,0
20200906,MO,938,474,0,0,0,0,18,0,,,,,,,,,,,0
20200906,MP,0,0,0,0,0,0,0,0,,,,,,,,,,,0
20200906,MS,1161,1200,36,6,84,0,0,0,,,,,,,,,,,0
20200906,MT,54,0,0,0,25,0,0,0,,,,,,,,,,,0
20200906,NC,1634,845,0,35,37,4,0,0,,,,,,,,,,,0
20200906,ND,0,0,0,0,0,0,0,0,,,,,,,,,,,0
20200906,NE,313,29,0,18,10,0,0,0,,,,,,,,,,,0
20200906,NH,397,9,12,4,0,0,0,0,,,,,,,,,,,0
20200906,NJ,8527,2836,3159,867,0,0,0,0,,,,,,,,,,,0
20200906,NM,173,7,159,2,404,0,0,0,,,,,,,,,,,0
20200906,NV,458,107,204,109,8,0,0,0,,,,,,,,,,,0
20200906,NY,8759,6433,6761,1710,0,0,0,0,,,,,,,,,,,0
20200906,OH,3302,792,0,42,3,1,55,0,,,,,,,,,,,0
20200906,OK,621,51,0,20,80,0,0,0,,,,,,,,,,,0
20200906,OR,311,12,0,18,10,7,8,0,,,,,,,,,,,0
20200906,PA,5590,1619,0,165,0,0,0,0,,,,,,,,,,,0
20200906,PR,0,0,0,0,0,0,0,0,,,,,,,,,,,0
20200906,RI,701,53,93,11,1,0,0,0,,,,,,,,,,,0
20200906,SC,1368,1019,0,19,0,0,0,0,,,,,,,,,,,0
20200906,SD,106,2,5,5,40,0,0,0,,,,,,,,,,,0
20200906,TN,1184,549,0,18,4,2,0,0,,,,,,,,,,,0
20200906,TX,4069,1539,7519,264,0,0,0,0,,,,,,,,,,,0
20200906,UT,217,7,95,22,34,23,0,0,,,,,,,,,,,0
20200906,VA,1435,689,281,133,5,0,3,0,,,,,,,,,,,0
20200906,VI,0,0,0,0,0,0,0,0,,,,,,,,,,,0
20200906,VT,55,0,0,2,0,0,0,0,,,,,,,,,,,0
20200906,WA,1296,65,275,146,51,31,22,0,,,,,,,,,,,0
20200906,WI,858,228,0,31,13,0,0,0,,,,,,,,,,,0
20200906,WV,58,3,0,0,0,0,0,0,,,,,,,,,,,0
20200906,WY,17,1,2,0,15,0,0,0,,,,,,,,,,,0
20200909,AK,18,0,0,3,14,5,0,0,,,,,,,,,,,0
20200909,AL,1166,861,0,7,0,0,0,0,,,,,,,,,,,0
20200909,AR,594,212,0,11,3,46,0,0,,,,,,,,,,,0
20200909,AS,0,0,0,0,0,0,0,0,,,,,,,,,,,0
20200909,AZ,1845,163,1595,60,554,0,0,0,,,,,,,,,,,0
20200909,CA,4019,1049,6583,1587,41,59,90,0,,,,,,,,,,,0
20200909,CO,1179,119,436,59,13,5,25,0,,,,,,,,,,,0
20200909,CT,3269,661,397,48,2,0,35,0,,,,,,,,,,,0
20200909,DC,66,458,77,8,0,0,0,0,,,,,,,,,,,0
20200909,DE,392,158,46,1,0,0,0,0,,,,,,,,,,,0
20200909,FL,5771,2263,3042,0,0,0,0,0,,,,,,,,,,,0
20200909,GA,2965,2586,376,107,5,9,0,0,,,,,,,,,,,0
20200909,GU,0,0,0,0,0,0,0,0,,,,,,,,,,,0
20200909,HI,0,0,0,0,0,0,0,0,,,,,,,,,,,0
20200909,IA,979,43,0,25,5,11,0,0,,,,,,,,,,,0
20200909,ID,387,4,0,2,4,0,0,0,,,,,,,,,,,0
20200909,IL,3809,2168,1657,372,12,9,0,0,,,,,,,,,,,0
20200909,IN,2079,434,0,17,0,0,0,0,,,,,,,,,,,0
20200909,KS,350,78,0,13,4,0,0,0,,,,,,,,,,,0
20200909,KY,776,119,0,11,0,0,20,0,,,,,,,,,,,0
20200909,LA,2554,2324,0,34,4,6,0,0,,,,,,,,,,,0
20200909,MA,6901,747,639,229,0,0,0,0,,,,,,,,,,,0
20200909,MD,1622,1558,438,142,0,0,0,0,,,,,,,,,,,0
20200909,ME,119,4,0,0,0,0,0,0,,,,,,,,,,,0
20200909,MI,3702,2658,0,85,20,0,100,0,,,,,,,,,,,0
20200909,MN,1443,182,0,87,35,2,11,0,,,,,,,,,,,0
20200909,MO,941,475,0,0,0,0,18,0,,,,,,,,,,,0
20200909,MP,0,0,0,0,0,0,0,0,,,,,,,,,,,0
20200909,MS,1188,1220,36,6,84,0,0,0,,,,,,,,,,,0
20200909,MT,65,0,0,0,33,0,0,0,,,,,,,,,,,0
20200909,NC,1674,869,0,35,38,4,0,0,,,,,,,,,,,0
20200909,ND,0,0,0,0,0,0,0,0,,,,,,,,,,,0
20200909,NE,319,29,0,18,11,0,0,0,,,,,,,,,,,0
20200909,NH,397,9,12,4,0,0,0,0,,,,,,,,,,,0
20200909,NJ,8527,2836,3159,867,0,0,0,0,,,,,,,,,,,0
20200909,NM,173,7,159,2,404,0,0,0,,,,,,,,,,,0
20200909,NV,462,107,206,110,8,0,0,0,,,,,,,,,,,0
20200909,NY,8767,6437,6771,1712,0,0,0,0,,,,,,,,,,,0
20200909,OH,3352,800,0,44,3,1,57,0,,,,,,,,,,,0
20200909,OK,629,51,0,21,81,0,0,0,,,,,,,,,,,0
20200909,OR,319,12,0,19,10,7,8,0,,,,,,,,,,,0
20200909,PA,5590,1619,0,165,0,0,0,0,,,,,,,,,,,0
20200909,PR,0,0,0,0,0,0,0,0,,,,,,,,,,,0
20200909,RI,701,54,102,12,1,0,0,0,,,,,,,,,,,0
20200909,SC,1402,1033,0,20,0,0,0,0,,,,,,,,,,,0
20200909,SD,106,2,5,5,40,0,0,0,,,,,,,,,,,0
20200909,TN,1234,560,0,18,4,2,0,0,,,,,,,,,,,0
20200909,TX,4134,1561,7646,267,0,0,0,0,,,,,,,,,,,0
20200909,UT,219,7,97,23,34,23,0,0,,,,,,,,,,,0
20200909,VA,1441,697,281,135,5,0,2,0,,,,,,,,,,,0
20200909,VI,0,0,0,0,0,0,0,0,,,,,,,,,,,0
20200909,VT,55,0,0,2,0,0,0,0,,,,,,,,,,,0
20200909,WA,1314,65,282,146,52,32,22,0,,,,,,,,,,,0
20200909,WI,871,230,0,31,14,0,0,0,,,,,,,,,,,0
20200909,WV,58,3,0,0,0,0,0,0,,,,,,,,,,,0
20200909,WY,17,1,2,0,15,0,0,0,,,,,,,,,,,0
20200913,AK,18,0,0,3,16,5,0,0,,,,,,,,,,,0
20200913,AL,1204,878,0,8,0,0,0,0,,,,,,,,,,,0
20200913,AR,619,218,0,13,2,43,7,0,,,,,,,,,,,0
20200913,AS,0,0,0,0,0,0,0,0,,,,,,,,,,,0
20200913,AZ,1845,167,1630,61,562,0,0,0,,,,,,,,,,,0
20200913,CA,4165,1092,6824,1654,42,56,98,0,,,,,,,,,,,0
20200913,CO,1182,120,437,59,13,5,26,0,,,,,,,,,,,0
20200913,CT,3273,661,399,48,2,0,35,0,,,,,,,,,,,0
20200913,DC,66,459,77,8,0,0,0,0,,,,,,,,,,,0
20200913,DE,395,159,48,1,0,0,0,0,,,,,,,,,,,0
20200913,FL,5999,2339,3177,0,0,0,0,0,,,,,,,,,,,0
20200913,GA,3054,2650,394,118,7,8,0,0,,,,,,,,,,,0
20200913,GU,0,0,0,0,0,0,0,0,,,,,,,,,,,0
20200913,HI,0,0,0,0,0,0,0,0,,,,,,,,,,,0
20200913,IA,997,43,0,24,4,11,0,0,,,,,,,,,,,0
20200913,ID,393,4,0,3,5,0,0,0,,,,,,,,,,,0
20200913,IL,3872,2180,1679,376,12,10,0,0,,,,,,,,,,,0
20200913,IN,2107,439,0,17,0,0,0,0,,,,,,,,,,,0
20200913,KS,362,79,0,13,4,0,0,0,,,,,,,,,,,0
20200913,KY,808,124,0,11,0,0,21,0,,,,,,,,,,,0
20200913,LA,2554,2324,0,34,4,6,0,0,,,,,,,,,,,0
20200913,MA,6949,751,641,232,0,0,0,0,,,,,,,,,,,0
20200913,MD,1637,1568,441,142,0,0,0,0,,,,,,,,,,,0
20200913,ME,119,4,0,0,0,0,0,0,,,,,,,,,,,0
20200913,MI,3724,2662,0,86,19,0,101,0,,,,,,,,,,,0
20200913,MN,1485,185,90,89,89,35,13,0,,,,,,,,,,,0
20200913,MO,941,473,0,0,0,0,18,0,,,,,,,,,,,0
20200913,MP,0,0,0,0,0,0,0,0,,,,,,,,,,,0
20200913,MS,1220,1250,36,6,84,0,0,0,,,,,,,,,,,0
20200913,MT,65,0,0,0,33,0,0,0,,,,,,,,,,,0
20200913,NC,1726,894,0,39,40,4,0,0,,,,,,,,,,,0
20200913,ND,0,0,0,0,0,0,0,0,,,,,,,,,,,0
20200913,NE,341,31,0,18,11,0,0,0,,,,,,,,,,,0
20200913,NH,400,9,12,4,0,0,0,0,,,,,,,,,,,0
20200913,NJ,8554,2841,3169,870,0,0,0,0,,,,,,,,,,,0
20200913,NM,173,7,159,2,404,0,0,0,,,,,,,,,,,0
20200913,NV,477,110,212,112,8,0,0,0,,,,,,,,,,,0
20200913,NY,8777,6437,6777,1714,0,0,0,0,,,,,,,,,,,0
20200913,OH,3417,815,0,46,3,2,59,0,,,,,,,,,,,0
20200913,OK,654,55,0,21,88,0,0,0,,,,,,,,,,,0
20200913,OR,323,12,0,19,11,7,8,0,,,,,,,,,,,0
20200913,PA,5664,1634,0,165,0,0,0,0,,,,,,,,,,,0
20200913,PR,0,0,0,0,0,0,0,0,,,,,,,,,,,0
20200913,RI,701,54,102,12,1,0,0,0,,,,,,,,,,,0
20200913,SC,1465,1072,0,22,0,0,0,0,,,,,,,,,,,0
20200913,SD,114,2,6,5,42,0,0,0,,,,,,,,,,,0
20200913,TN,1350,589,0,20,4,2,0,0,,,,,,,,,,,0
20200913,TX,4281,1620,7929,275,0,0,0,0,,,,,,,,,,,0
20200913,UT,224,7,97,23,34,23,0,0,,,,,,,,,,,0
20200913,VA,1459,702,283,136,5,0,2,0,,,,,,,,,,,0
20200913,VI,0,0,0,0,0,0,0,0,,,,,,,,,,,0
20200913,VT,55,0,0,2,0,0,0,0,,,,,,,,,,,0
20200913,WA,1325,66,283,149,53,32,22,0,,,,,,,,,,,0
20200913,WI,898,231,0,32,14,0,0,0,,,,,,,,,,,0
20200913,WV,58,3,0,0,0,0,0,0,,,,,,,,,,,0
20200913,WY,17,1,2,0,15,0,0,0,,,,,,,,,,,0
20200916,AK,18,0,0,3,16,5,0,0,,,,,,,,,,,0
20200916,AL,1230,893,0,8,0,0,0,0,,,,,,,,,,,0
20200916,AR,659,224,0,13,2,43,7,0,,,,,,,,,,,0
20200916,AS,0,0,0,0,0,0,0,0,,,,,,,,,,,0
20200916,AZ,1845,169,1639,62,566,0,0,0,,,,,,,,,,,0
20200916,CA,4243,1101,6939,1673,42,58,98,0,,,,,,,,,,,0
20200916,CO,1192,121,441,60,13,5,26,0,,,,,,,,,,,0
20200916,CT,3279,661,400,48,2,0,35,0,,,,,,,,,,,0
20200916,DC,67,459,77,8,0,0,0,0,,,,,,,,,,,0
20200916,DE,398,160,48,1,0,0,0,0,,,,,,,,,,,0
20200916,FL,6169,2394,3246,0,0,0,0,0,,,,,,,,,,,0
20200916,GA,3106,2688,401,119,6,8,0,0,,,,,,,,,,,0
20200916,GU,0,0,0,0,0,0,0,0,,,,,,,,,,,0
20200916,HI,7,5,0,42,0,24,0,0,,,,,,,,,,,0
20200916,IA,1011,45,0,24,4,11,0,0,,,,,,,,,,,0
20200916,ID,405,4,0,3,5,0,0,0,,,,,,,,,,,0
20200916,IL,3911,2191,1689,377,12,11,0,0,,,,,,,,,,,0
20200916,IN,2139,440,0,17,0,0,0,0,,,,,,,,,,,0
20200916,KS,416,83,0,13,6,0,0,0,,,,,,,,,,,0
20200916,KY,821,128,0,12,0,0,23,0,,,,,,,,,,,0
20200916,LA,2657,2371,0,34,4,6,0,0,,,,,,,,,,,0
20200916,MA,6978,752,642,232,0,0,0,0,,,,,,,,,,,0
20200916,MD,1643,1575,442,142,0,0,0,0,,,,,,,,,,,0
20200916,ME,121,4,0,0,0,0,0,0,,,,,,,,,,,0
20200916,MI,3749,2663,0,88,19,0,100,0,,,,,,,,,,,0
20200916,MN,1494,187,93,90,35,2,12,0,,,,,,,,,,,0
20200916,MO,947,474,0,0,0,0,17,0,,,,,,,,,,,0
20200916,MP,0,0,0,0,0,0,0,0,,,,,,,,,,,0
20200916,MS,1250,1285,38,6,85,0,0,0,,,,,,,,,,,0
20200916,MT,65,0,0,0,33,0,0,0,,,,,,,,,,,0
20200916,NC,1795,912,0,40,41,4,0,0,,,,,,,,,,,0
20200916,ND,0,0,0,0,0,0,0,0,,,,,,,,,,,0
20200916,NE,342,31,0,18,11,0,0,0,,,,,,,,,,,0
20200916,NH,401,9,12,4,0,0,0,0,,,,,,,,,,,0
20200916,NJ,8578,2846,3180,872,0,0,0,0,,,,,,,,,,,0
20200916,NM,173,7,159,2,404,0,0,0,,,,,,,,,,,0
20200916,NV,494,114,223,116,8,0,0,0,,,,,,,,,,,0
20200916,NY,8790,6449,6788,1716,0,0,0,0,,,,,,,,,,,0
20200916,OH,3518,835,0,46,3,2,62,0,,,,,,,,,,,0
20200916,OK,668,57,0,21,91,0,0,0,,,,,,,,,,,0
20200916,OR,344,12,0,19,12,7,8,0,,,,,,,,,,,0
20200916,PA,5664,1634,0,165,0,0,0,0,,,,,,,,,,,0
20200916,PR,0,0,0,0,0,0,0,0,,,,,,,,,,,0
20200916,RI,711,54,102,13,1,0,1,0,,,,,,,,,,,0
20200916,SC,1492,1097,0,22,0,0,0,0,,,,,,,,,,,0
20200916,SD,120,2,6,5,42,0,0,0,,,,,,,,,,,0
20200916,TN,1408,599,0,20,4,2,0,0,,,,,,,,,,,0
20200916,TX,4373,1643,8096,279,0,0,0,0,,,,,,,,,,,0
20200916,UT,227,7,97,23,34,24,0,0,,,,,,,,,,,0
20200916,VA,1551,750,287,140,5,0,3,0,,,,,,,,,,,0
20200916,VI,0,0,0,0,0,0,0,0,,,,,,,,,,,0
20200916,VT,55,0,0,2,0,0,0,0,,,,,,,,,,,0
20200916,WA,1343,67,284,150,53,32,23,0,,,,,,,,,,,0
20200916,WI,914,232,0,33,15,0,0,0,,,,,,,,,,,0
20200916,WV,58,3,0,0,0,0,0,0,,,,,,,,,,,0
20200916,WY,20,1,2,0,15,0,0,0,,,,,,,,,,,0
20200920,AK,18,1,0,3,16,5,0,0,,,,,,,,,,,0
20200920,AL,1248,902,0,8,0,0,0,0,,,,,,,,,,,0
20200920,AR,670,231,0,13,2,43,7,0,,,,,,,,,,,0
20200920,AS,0,0,0,0,0,0,0,0,,,,,,,,,,,0
20200920,AZ,1845,170,1675,64,577,0,0,0,,,,,,,,,,,0
20200920,CA,4369,1134,7120,1717,45,65,103,0,,,,,,,,,,,0
20200920,CO,1196,121,442,59,13,6,27,0,,,,,,,,,,,0
20200920,CT,3283,662,400,48,2,0,35,0,,,,,,,,,,,0
20200920,DC,67,461,78,8,0,0,0,0,,,,,,,,,,,0
20200920,DE,400,160,48,1,0,0,0,0,,,,,,,,,,,0
20200920,FL,6336,2451,3352,0,0,0,0,0,,,,,,,,,,,0
20200920,GA,3202,2727,414,122,6,6,0,0,,,,,,,,,,,0
20200920,GU,0,0,0,0,0,0,0,0,,,,,,,,,,,0
20200920,HI,8,5,0,49,0,26,0,0,,,,,,,,,,,0
20200920,IA,1029,46,0,26,5,13,0,0,,,,,,,,,,,0
20200920,ID,415,4,0,3,6,0,0,0,,,,,,,,,,,0
20200920,IL,3965,2199,1705,378,12,10,0,0,,,,,,,,,,,0
20200920,IN,2163,442,0,17,0,0,0,0,,,,,,,,,,,0
20200920,KS,425,84,0,13,6,0,0,0,,,,,,,,,,,0
20200920,KY,845,131,0,11,0,0,25,0,,,,,,,,,,,0
20200920,LA,2657,2371,0,34,4,6,0,0,,,,,,,,,,,0
20200920,MA,7029,759,645,232,0,0,0,0,,,,,,,,,,,0
20200920,MD,1653,1589,445,143,0,0,0,0,,,,,,,,,,,0
20200920,ME,121,4,0,0,0,0,0,0,,,,,,,,,,,0
20200920,MI,3771,2666,0,88,20,0,101,0,,,,,,,,,,,0
20200920,MN,1520,189,95,92,36,2,12,0,,,,,,,,,,,0
20200920,MO,953,475,0,0,0,0,17,0,,,,,,,,,,,0
20200920,MP,0,0,0,0,0,0,0,0,,,,,,,,,,,0
20200920,MS,1280,1307,38,6,85,0,0,0,,,,,,,,,,,0
20200920,MT,65,0,0,0,33,0,0,0,,,,,,,,,,,0
20200920,NC,1850,940,0,41,44,4,0,0,,,,,,,,,,,0
20200920,ND,0,0,0,0,0,0,0,0,,,,,,,,,,,0
20200920,NE,345,33,0,18,11,0,0,0,,,,,,,,,,,0
20200920,NH,401,9,12,4,0,0,0,0,,,,,,,,,,,0
20200920,NJ,8578,2846,3180,872,0,0,0,0,,,,,,,,,,,0
20200920,NM,173,7,159,2,404,0,0,0,,,,,,,,,,,0
20200920,NV,503,118,234,117,8,0,0,0,,,,,,,,,,,0
20200920,NY,8800,6451,6794,1718,0,0,0,0,,,,,,,,,,,0
20200920,OH,3566,842,0,47,3,2,62,0,,,,,,,,,,,0
20200920,OK,683,60,0,21,93,0,0,0,,,,,,,,,,,0
20200920,OR,343,12,0,19,12,7,8,0,,,,,,,,,,,0
20200920,PA,5738,1651,0,166,0,0,0,0,,,,,,,,,,,0
20200920,PR,0,0,0,0,0,0,0,0,,,,,,,,,,,0
20200920,RI,711,54,102,13,1,0,1,0,,,,,,,,,,,0
20200920,SC,1534,1118,0,23,0,0,0,0,,,,,,,,,,,0
20200920,SD,130,2,6,5,42,0,0,0,,,,,,,,,,,0
20200920,TN,1459,610,0,20,4,2,0,0,,,,,,,,,,,0
20200920,TX,4489,1691,8342,282,0,0,0,0,,,,,,,,,,,0
20200920,UT,227,7,99,23,34,24,0,0,,,,,,,,,,,0
20200920,VA,1628,781,297,144,5,0,3,0,,,,,,,,,,,0
20200920,VI,0,0,0,0,0,0,0,0,,,,,,,,,,,0
20200920,VT,55,0,0,2,0,0,0,0,,,,,,,,,,,0
20200920,WA,1357,68,288,151,53,32,23,0,,,,,,,,,,,0
20200920,WI,925,232,0,34,16,0,0,0,,,,,,,,,,,0
20200920,WV,58,3,0,0,0,0,0,0,,,,,,,,,,,0
20200920,WY,22,1,2,0,15,0,0,0,,,,,,,,,,,0
20200923,AK,18,1,0,3,16,5,0,0,,,,,,,,,,,0
20200923,AL,1267,921,0,8,0,0,0,0,,,,,,,,,,,0
20200923,AR,699,239,0,13,2,43,7,0,,,,,,,,,,,0
20200923,AS,0,0,0,0,0,0,0,0,,,,,,,,,,,0
20200923,AZ,1845,174,1681,64,579,0,0,0,,,,,,,,,,,0
20200923,CA,4440,1151,7223,1739,46,66,105,0,,,,,,,,,,,0
20200923,CO,1202,122,448,60,13,6,27,0,,,,,,,,,,,0
20200923,CT,3287,662,400,49,2,0,35,0,,,,,,,,,,,0
20200923,DC,67,462,78,8,0,0,0,0,,,,,,,,,,,0
20200923,DE,405,162,49,1,0,0,0,0,,,,,,,,,,,0
20200923,FL,6493,2502,3446,0,0,0,0,0,,,,,,,,,,,0
20200923,GA,3292,2783,420,124,6,6,0,0,,,,,,,,,,,0
20200923,GU,0,0,0,0,0,0,0,0,,,,,,,,,,,0
20200923,HI,8,5,0,49,0,26,0,0,,,,,,,,,,,0
20200923,IA,1052,49,0,26,5,12,0,0,,,,,,,,,,,0
20200923,ID,431,4,0,3,6,0,0,0,,,,,,,,,,,0
20200923,IL,4020,2211,1716,379,12,10,0,0,,,,,,,,,,,0
20200923,IN,2179,444,0,18,0,0,0,0,,,,,,,,,,,0
20200923,KS,442,85,0,13,7,0,0,0,,,,,,,,,,,0
20200923,KY,854,132,0,12,0,0,27,0,,,,,,,,,,,0
20200923,LA,2725,2417,0,35,4,7,0,0,,,,,,,,,,,0
20200923,MA,7058,759,646,232,0,0,0,0,,,,,,,,,,,0
20200923,MD,1662,1597,448,145,0,0,0,0,,,,,,,,,,,0
20200923,ME,121,4,0,0,0,0,0,0,,,,,,,,,,,0
20200923,MI,3800,2675,0,90,20,0,100,0,,,,,,,,,,,0
20200923,MN,1537,189,96,93,36,2,13,0,,,,,,,,,,,0
20200923,MO,969,490,0,0,0,0,17,0,,,,,,,,,,,0
20200923,MP,0,0,0,0,0,0,0,0,,,,,,,,,,,0
20200923,MS,1319,1326,38,6,85,0,0,0,,,,,,,,,,,0
20200923,MT,80,0,0,0,47,0,0,0,,,,,,,,,,,0
20200923,NC,1890,962,0,42,44,4,0,0,,,,,,,,,,,0
20200923,ND,0,0,0,0,0,0,0,0,,,,,,,,,,,0
20200923,NE,363,33,0,18,11,0,0,0,,,,,,,,,,,0
20200923,NH,401,9,12,4,0,0,0,0,,,,,,,,,,,0
20200923,NJ,8578,2846,3180,872,0,0,0,0,,,,,,,,,,,0
20200923,NM,173,7,159,2,404,0,0,0,,,,,,,,,,,0
20200923,NV,527,125,242,129,8,0,0,0,,,,,,,,,,,0
20200923,NY,8801,6451,6795,1718,0,0,0,0,,,,,,,,,,,0
20200923,OH,3618,854,0,47,4,2,62,0,,,,,,,,,,,0
20200923,OK,693,65,0,21,98,0,0,0,,,,,,,,,,,0
20200923,OR,355,12,0,19,12,7,9,0,,,,,,,,,,,0
20200923,PA,5738,1651,0,166,0,0,0,0,,,,,,,,,,,0
20200923,PR,0,0,0,0,0,0,0,0,,,,,,,,,,,0
20200923,RI,724,56,104,13,1,0,1,0,,,,,,,,,,,0
20200923,SC,1569,1141,0,23,0,0,0,0,,,,,,,,,,,0
20200923,SD,130,2,6,5,42,0,0,0,,,,,,,,,,,0
20200923,TN,1513,624,0,21,4,2,0,0,,,,,,,,,,,0
20200923,TX,4552,1713,8488,286,0,0,0,0,,,,,,,,,,,0
20200923,UT,229,7,100,23,34,24,0,0,,,,,,,,,,,0
20200923,VA,1671,806,300,144,6,0,3,0,,,,,,,,,,,0
20200923,VI,0,0,0,0,0,0,0,0,,,,,,,,,,,0
20200923,VT,55,0,0,2,0,0,0,0,,,,,,,,,,,0
20200923,WA,1386,68,293,153,53,32,23,0,,,,,,,,,,,0
20200923,WI,940,233,0,35,16,0,0,0,,,,,,,,,,,0
20200923,WV,266,7,0,0,0,0,0,0,,,,,,,,,,,0
20200923,WY,23,1,2,0,15,0,0,0,,,,,,,,,,,0
20200927,AK,23,2,0,4,19,7,0,0,,,,,,,,,,,0
20200927,AL,1283,933,0,8,0,0,0,0,,,,,,,,,,,0
20200927,AR,769,255,0,16,2,43,7,0,,,,,,,,,,,0
20200927,AS,0,0,0,0,0,0,0,0,,,,,,,,,,,0
20200927,AZ,1845,177,1710,66,594,0,0,0,,,,,,,,,,,0
20200927,CA,4567,1177,7389,1794,49,69,99,0,,,,,,,,,,,0
20200927,CO,1210,122,451,61,13,6,27,0,,,,,,,,,,,0
20200927,CT,3290,662,400,49,2,0,35,0,,,,,,,,,,,0
20200927,DC,67,465,78,8,0,0,0,0,,,,,,,,,,,0
20200927,DE,409,162,49,1,0,0,0,0,,,,,,,,,,,0
20200927,FL,6704,2566,3582,0,0,0,0,0,,,,,,,,,,,0
20200927,GA,3421,2855,427,130,7,6,0,0,,,,,,,,,,,0
20200927,GU,0,0,0,0,0,0,0,0,,,,,,,,,,,0
20200927,HI,13,5,0,71,0,35,0,0,,,,,,,,,,,0
20200927,IA,1065,51,0,26,4,13,0,0,,,,,,,,,,,0
20200927,ID,435,4,0,3,6,0,0,0,,,,,,,,,,,0
20200927,IL,4094,2220,1727,381,12,10,0,0,,,,,,,,,,,0
20200927,IN,2206,445,0,18,0,0,0,0,,,,,,,,,,,0
20200927,KS,450,85,0,13,7,0,0,0,,,,,,,,,,,0
20200927,KY,884,136,0,11,0,0,27,0,,,,,,,,,,,0
20200927,LA,2725,2417,0,35,4,7,0,0,,,,,,,,,,,0
20200927,MA,7102,762,650,232,0,0,0,0,,,,,,,,,,,0
20200927,MD,1671,1607,450,148,0,0,0,0,,,,,,,,,,,0
20200927,ME,121,4,0,0,0,0,0,0,,,,,,,,,,,0
20200927,MI,3823,2683,0,89,20,0,101,0,,,,,,,,,,,0
20200927,MN,1558,191,96,93,37,2,13,0,,,,,,,,,,,0
20200927,MO,981,497,0,0,0,0,16,0,,,,,,,,,,,0
20200927,MP,0,0,0,0,0,0,0,0,,,,,,,,,,,0
20200927,MS,1336,1347,38,6,85,0,0,0,,,,,,,,,,,0
20200927,MT,80,0,0,0,47,0,0,0,,,,,,,,,,,0
20200927,NC,1973,989,0,44,45,6,0,0,,,,,,,,,,,0
20200927,ND,0,0,0,0,0,0,0,0,,,,,,,,,,,0
20200927,NE,370,33,0,18,11,0,0,0,,,,,,,,,,,0
20200927,NH,402,9,12,4,0,0,0,0,,,,,,,,,,,0
20200927,NJ,8596,2851,3184,769,0,0,0,0,,,,,,,,,,,0
20200927,NM,173,7,159,2,404,0,0,0,,,,,,,,,,,0
20200927,NV,537,128,246,130,8,0,0,0,,,,,,,,,,,0
20200927,NY,8808,6453,6807,1719,0,0,0,0,,,,,,,,,,,0
20200927,OH,3665,858,0,48,4,2,62,0,,,,,,,,,,,0
20200927,OK,721,65,0,22,100,0,0,0,,,,,,,,,,,0
20200927,OR,357,12,0,19,12,7,9,0,,,,,,,,,,,0
20200927,PA,5863,1668,0,167,0,0,0,0,,,,,,,,,,,0
20200927,PR,0,0,0,0,0,0,0,0,,,,,,,,,,,0
20200927,RI,724,56,104,13,1,0,1,0,,,,,,,,,,,0
20200927,SC,1600,1163,0,0,0,0,0,0,,,,,,,,,,,0
20200927,SD,145,2,6,5,42,0,0,0,,,,,,,,,,,0
20200927,TN,1586,647,0,23,4,2,0,0,,,,,,,,,,,0
20200927,TX,4629,1738,8618,288,0,0,0,0,,,,,,,,,,,0
20200927,UT,236,7,102,23,34,25,0,0,,,,,,,,,,,0
20200927,VA,1710,822,306,144,7,0,3,0,,,,,,,,,,,0
20200927,VI,0,0,0,0,0,0,0,0,,,,,,,,,,,0
20200927,VT,55,0,0,2,0,0,0,0,,,,,,,,,,,0
20200927,WA,1440,66,289,152,53,32,23,0,,,,,,,,,,,0
20200927,WI,959,234,0,36,16,0,0,0,,,,,,,,,,,0
20200927,WV,275,9,0,0,0,0,0,0,,,,,,,,,,,0
20200927,WY,23,1,2,0,15,0,0,0,,,,,,,,,,,0
20200930,AK,23,2,0,4,19,7,0,0,,,,,,,,,,,0
20200930,AL,1297,947,0,8,0,0,0,0,,,,,,,,,,,0
20200930,AR,823,268,0,16,2,43,7,0,,,,,,,,,,,0
20200930,AS,0,0,0,0,0,0,0,0,,,,,,,,,,,0
20200930,AZ,2366,179,1716,66,595,0,0,0,,,,,,,,,,,0
20200930,CA,4658,1186,7494,1828,49,73,103,0,,,,,,,,,,,0
20200930,CO,1225,123,455,62,13,6,27,0,,,,,,,,,,,0
20200930,CT,3296,662,401,49,2,0,35,0,,,,,,,,,,,0
20200930,DC,67,467,79,8,0,0,0,0,,,,,,,,,,,0
20200930,DE,411,163,49,1,0,0,0,0,,,,,,,,,,,0
20200930,FL,6853,2619,3659,0,0,0,0,0,,,,,,,,,,,0
20200930,GA,3469,2868,430,130,7,6,0,0,,,,,,,,,,,0
20200930,GU,0,0,0,0,0,0,0,0,,,,,,,,,,,0
20200930,HI,13,5,0,71,0,35,0,0,,,,,,,,,,,0
20200930,IA,1087,51,0,27,4,13,0,0,,,,,,,,,,,0
20200930,ID,444,4,0,3,7,0,0,0,,,,,,,,,,,0
20200930,IL,4148,2226,1741,382,12,10,0,0,,,,,,,,,,,0
20200930,IN,2246,449,0,18,0,0,0,0,,,,,,,,,,,0
20200930,KS,484,87,0,15,7,0,0,0,,,,,,,,,,,0
20200930,KY,896,138,0,12,0,0,26,0,,,,,,,,,,,0
20200930,LA,2795,2438,0,36,5,7,0,0,,,,,,,,,,,0
20200930,MA,7144,766,652,234,0,0,0,0,,,,,,,,,,,0
20200930,MD,1682,1612,453,149,0,0,0,0,,,,,,,,,,,0
20200930,ME,121,4,0,0,0,0,0,0,,,,,,,,,,,0
20200930,MI,3850,2689,0,91,22,0,100,0,,,,,,,,,,,0
20200930,MN,1580,195,97,94,37,2,14,0,,,,,,,,,,,0
20200930,MO,1320,576,0,24,0,11,19,0,,,,,,,,,,,0
20200930,MP,0,0,0,0,0,0,0,0,,,,,,,,,,,0
20200930,MS,1368,1369,38,7,84,0,0,0,,,,,,,,,,,0
20200930,MT,80,0,0,0,47,0,0,0,,,,,,,,,,,0
20200930,NC,2029,1014,0,45,47,6,0,0,,,,,,,,,,,0
20200930,ND,0,0,0,0,0,0,0,0,,,,,,,,,,,0
20200930,NE,370,33,0,18,11,0,0,0,,,,,,,,,,,0
20200930,NH,402,9,12,4,0,0,0,0,,,,,,,,,,,0
20200930,NJ,8596,2851,3184,872,0,0,0,0,,,,,,,,,,,0
20200930,NM,210,10,212,4,437,0,0,0,,,,,,,,,,,0
20200930,NV,545,132,253,134,8,0,0,0,,,,,,,,,,,0
20200930,NY,8819,6454,6811,1719,0,0,0,0,,,,,,,,,,,0
20200930,OH,3712,861,0,49,4,2,66,0,,,,,,,,,,,0
20200930,OK,736,66,0,24,101,0,0,0,,,,,,,,,,,0
20200930,OR,369,13,0,19,12,7,9,0,,,,,,,,,,,0
20200930,PA,5863,1668,0,167,0,0,0,0,,,,,,,,,,,0
20200930,PR,0,0,0,0,0,0,0,0,,,,,,,,,,,0
20200930,RI,732,56,106,13,1,0,1,0,,,,,,,,,,,0
20200930,SC,1629,1179,0,0,0,0,0,0,,,,,,,,,,,0
20200930,SD,149,2,6,5,42,0,0,0,,,,,,,,,,,0
20200930,TN,1643,667,0,23,4,2,0,0,,,,,,,,,,,0
20200930,TX,4629,1738,8618,288,0,0,0,0,,,,,,,,,,,0
20200930,UT,239,7,102,24,34,25,0,0,,,,,,,,,,,0
20200930,VA,1743,835,309,148,7,0,3,0,,,,,,,,,,,0
20200930,VI,0,0,0,0,0,0,0,0,,,,,,,,,,,0
20200930,VT,55,0,0,2,0,0,0,0,,,,,,,,,,,0
20200930,WA,1414,69,295,157,55,34,23,0,,,,,,,,,,,0
20200930,WI,1000,237,0,36,17,0,0,0,,,,,,,,,,,0
20200930,WV,287,9,0,0,0,0,0,0,,,,,,,,,,,0
20200930,WY,23,1,2,0,15,0,0,0,,,,,,,,,,,0